Age,Monthly_Income,Employment_Type,City_Tier,Total_Spend_Prev,Next_Month_Spend
60,7844.62,Salaried,Tier 1,4945.73,4516.02
50,5329.68,Salaried,Tier 2,3771.83,3770.9
36,7088.82,Freelancer,Tier 2,4958.66,4491.93
64,2000.0,Salaried,Tier 1,1023.67,1053.51
29,6221.25,Salaried,Tier 3,3048.68,3285.87
42,3926.72,Business,Tier 1,1727.7,1598.29
60,3902.69,Salaried,Tier 1,2654.67,2628.29
40,4627.46,Salaried,Tier 3,3301.53,3250.81
44,2863.12,Salaried,Tier 2,1672.99,1614.04
32,5664.18,Salaried,Tier 3,4489.16,4471.35
32,5286.07,Salaried,Tier 3,2718.28,2925.27
45,5399.29,Business,Tier 3,2853.03,3123.3
57,6330.55,Salaried,Tier 1,3371.96,3036.68
61,7272.17,Freelancer,Tier 1,3280.33,3165.09
45,4454.43,Salaried,Tier 2,2283.73,2336.3
24,5716.03,Salaried,Tier 2,3956.52,4347.83
43,5439.48,Salaried,Tier 2,3494.5,3207.9
23,5566.42,Salaried,Tier 1,2669.32,2835.54
45,5588.9,Salaried,Tier 1,3333.08,3622.34
51,7385.76,Salaried,Tier 2,4876.18,5278.08
59,4310.48,Business,Tier 1,2764.33,2797.82
23,2711.4,Salaried,Tier 1,1858.66,1794.56
42,3953.19,Salaried,Tier 1,2570.22,2642.13
54,6135.9,Salaried,Tier 1,3635.3,3494.31
33,5034.99,Salaried,Tier 2,2409.4,2367.13
43,4298.6,Salaried,Tier 2,2820.13,2789.52
46,3385.25,Salaried,Tier 1,1929.08,1852.67
48,5331.93,Salaried,Tier 1,3359.41,3253.14
63,5966.76,Salaried,Tier 2,2651.86,2390.55
49,5458.81,Freelancer,Tier 1,3400.5,2847.42
37,4620.0,Salaried,Tier 3,3149.48,3132.03
36,5219.96,Salaried,Tier 2,3019.9,2822.41
24,5211.26,Freelancer,Tier 3,3988.35,4400.31
58,5284.55,Student,Tier 2,3211.62,3235.8
28,3223.54,Freelancer,Tier 1,1649.34,1751.36
42,5295.99,Salaried,Tier 2,3658.88,3386.74
30,4339.11,Freelancer,Tier 1,3380.05,3582.3
60,6560.93,Salaried,Tier 1,4260.19,4650.65
39,5199.38,Salaried,Tier 1,3563.77,3458.6
25,6253.22,Business,Tier 2,3828.55,3663.12
46,4547.33,Salaried,Tier 1,2195.77,2260.25
35,4601.43,Student,Tier 1,2544.39,2613.55
30,7241.38,Freelancer,Tier 2,4452.82,3986.25
47,5654.5,Freelancer,Tier 3,3377.65,3886.33
23,3928.23,Freelancer,Tier 1,2979.14,2435.28
41,6345.46,Salaried,Tier 2,3256.93,3429.17
49,4200.04,Salaried,Tier 1,2850.99,2770.77
28,5338.55,Business,Tier 3,2820.34,2685.83
29,7755.01,Freelancer,Tier 1,3404.32,3068.33
56,2853.08,Business,Tier 3,1571.71,1500.83
35,4736.33,Business,Tier 1,2620.46,2879.06
38,5612.41,Student,Tier 3,3953.84,4078.75
57,6147.05,Freelancer,Tier 1,3042.54,3237.73
61,3138.15,Salaried,Tier 1,2056.7,2245.31
25,2696.31,Salaried,Tier 1,1505.39,1378.64
23,6636.12,Freelancer,Tier 1,3736.47,3415.99
27,3919.38,Salaried,Tier 3,1956.99,2124.49
63,3856.58,Salaried,Tier 2,1940.37,1965.42
25,7325.37,Salaried,Tier 2,5004.48,5139.45
50,5104.55,Business,Tier 3,2792.73,2752.31
39,5114.36,Business,Tier 2,3018.63,3208.46
47,4730.3,Freelancer,Tier 3,2601.11,2709.08
55,3164.03,Salaried,Tier 1,1971.32,2099.9
31,6013.55,Freelancer,Tier 3,2691.63,2867.39
57,5614.18,Freelancer,Tier 1,3971.13,4136.52
35,5253.04,Salaried,Tier 2,2898.74,2915.44
52,4825.52,Salaried,Tier 2,2804.79,2729.15
36,4561.52,Salaried,Tier 2,2086.19,1958.8
29,6368.73,Salaried,Tier 2,3954.05,4077.94
35,4788.06,Freelancer,Tier 1,3473.75,3280.33
44,4903.91,Salaried,Tier 3,3021.04,3296.73
61,5794.84,Student,Tier 3,3363.75,3463.02
42,5311.94,Salaried,Tier 3,3476.17,3795.54
37,7463.41,Salaried,Tier 3,4387.78,4187.94
39,2357.95,Salaried,Tier 2,1591.07,1733.15
45,5449.86,Salaried,Tier 3,3228.38,3300.78
47,3941.59,Salaried,Tier 3,2313.21,2456.75
46,3586.87,Salaried,Tier 2,2097.15,1962.48
62,4314.4,Salaried,Tier 2,2467.45,2467.5
50,5082.02,Salaried,Tier 3,2866.88,2906.42
36,5148.6,Freelancer,Tier 2,3748.1,3605.98
22,2724.04,Salaried,Tier 2,1718.36,1633.56
46,4188.37,Salaried,Tier 1,2546.95,2753.14
28,5421.83,Freelancer,Tier 3,3000.67,2591.32
30,3684.6,Salaried,Tier 3,1704.3,1586.36
45,3327.82,Business,Tier 1,1401.14,1350.84
22,2000.0,Student,Tier 1,1347.11,1460.21
29,4005.21,Salaried,Tier 1,2329.2,2359.11
45,3275.56,Student,Tier 2,1942.88,1893.6
32,3524.1,Freelancer,Tier 1,1947.24,1954.08
38,4592.27,Student,Tier 2,3141.25,3353.46
29,4100.26,Freelancer,Tier 3,2354.16,1764.59
56,3250.64,Salaried,Tier 2,1855.66,1674.31
56,2000.0,Business,Tier 1,1470.86,1337.33
54,5453.47,Salaried,Tier 3,3781.39,3758.1
26,6129.24,Salaried,Tier 2,3323.43,3377.44
63,4404.88,Salaried,Tier 1,2706.29,2773.66
60,4601.34,Salaried,Tier 2,2987.65,3125.76
62,5004.22,Salaried,Tier 2,2513.11,2357.16
49,7368.18,Freelancer,Tier 3,4675.56,4887.43
28,2648.44,Student,Tier 3,1352.89,1283.49
30,4378.27,Salaried,Tier 1,3434.0,3193.05
29,2417.04,Student,Tier 1,1272.16,1207.12
33,5543.48,Student,Tier 1,2882.8,2948.33
55,4784.06,Salaried,Tier 2,2957.09,2878.08
54,5304.49,Salaried,Tier 2,3400.94,3583.17
44,5229.68,Business,Tier 2,3223.42,3246.9
45,6486.06,Freelancer,Tier 1,4517.36,4304.14
58,5807.2,Freelancer,Tier 3,3229.09,3028.23
56,6245.76,Freelancer,Tier 3,3039.78,3306.4
61,3401.7,Salaried,Tier 1,2087.3,2240.18
43,6789.76,Salaried,Tier 2,4182.82,4462.0
48,3916.46,Salaried,Tier 2,2555.33,2517.76
56,4002.7,Salaried,Tier 1,1955.25,2012.99
22,5406.26,Freelancer,Tier 1,3089.39,3457.39
56,5452.88,Business,Tier 1,3632.22,3728.84
58,3392.21,Salaried,Tier 1,1759.15,1904.38
35,4740.08,Student,Tier 2,2884.69,2956.54
24,7232.35,Salaried,Tier 1,4522.69,4345.2
22,2797.5,Freelancer,Tier 1,1913.49,1351.38
26,7227.83,Freelancer,Tier 2,4494.8,4298.39
47,4637.45,Student,Tier 1,2640.98,2449.27
35,2000.0,Freelancer,Tier 2,1149.16,817.37
60,2949.9,Salaried,Tier 2,1572.06,1515.79
48,3554.78,Student,Tier 2,1738.23,1648.35
30,4064.11,Freelancer,Tier 3,2604.37,2702.04
36,4842.93,Salaried,Tier 1,2855.49,2794.94
36,2000.0,Freelancer,Tier 2,1051.29,718.47
47,5280.21,Business,Tier 1,3906.65,3831.35
63,3417.36,Salaried,Tier 3,2074.1,2129.58
34,7085.78,Salaried,Tier 3,3732.96,3378.88
53,4594.73,Business,Tier 1,3512.82,3856.53
60,6414.27,Freelancer,Tier 2,4640.17,4570.3
53,6665.52,Salaried,Tier 1,3949.83,4047.51
25,6624.91,Salaried,Tier 3,4012.07,3838.38
51,4150.39,Salaried,Tier 1,2343.03,2293.14
58,4131.2,Freelancer,Tier 3,1723.29,1769.52
44,4662.54,Business,Tier 1,3037.69,3105.65
60,5954.36,Salaried,Tier 2,4278.98,4510.43
36,4233.96,Salaried,Tier 3,2221.38,2350.96
64,4821.11,Salaried,Tier 3,2846.96,2857.61
50,5410.39,Freelancer,Tier 1,3372.3,2945.22
57,3642.66,Salaried,Tier 2,1946.72,1969.21
34,3547.84,Salaried,Tier 1,2129.98,2120.43
53,4762.6,Salaried,Tier 2,2949.2,2781.32
28,4961.27,Freelancer,Tier 1,3195.53,2423.27
43,5650.83,Salaried,Tier 1,3271.55,3151.14
49,6007.83,Salaried,Tier 2,4157.58,3957.59
23,3351.41,Student,Tier 1,2069.94,2062.87
63,3781.87,Salaried,Tier 2,1911.4,2011.4
27,3543.87,Salaried,Tier 1,1642.45,1622.42
49,7118.67,Student,Tier 1,4550.53,4961.51
49,4819.59,Salaried,Tier 2,3461.02,3268.11
41,5024.19,Salaried,Tier 1,3095.35,2922.6
51,5086.66,Salaried,Tier 1,3509.83,3583.15
32,3926.49,Freelancer,Tier 2,2297.02,2530.0
49,7346.4,Salaried,Tier 2,5465.44,5653.3
46,5616.54,Business,Tier 2,2737.56,2832.65
60,5059.39,Salaried,Tier 1,2637.42,2798.99
54,3342.12,Salaried,Tier 1,2100.46,2171.32
22,3257.1,Freelancer,Tier 3,1703.18,2167.34
48,4536.64,Student,Tier 3,2196.87,2357.74
34,3950.01,Salaried,Tier 1,2091.09,1885.29
62,3398.83,Business,Tier 2,2227.31,2399.09
24,4443.56,Salaried,Tier 1,2191.51,2066.71
60,4675.36,Salaried,Tier 1,2165.6,2344.09
27,5212.68,Salaried,Tier 1,3760.87,3585.0
29,4244.12,Freelancer,Tier 2,2716.91,2475.17
48,3488.6,Salaried,Tier 1,2252.97,2448.47
30,3540.62,Salaried,Tier 3,2398.02,2210.85
58,6819.46,Salaried,Tier 2,4892.6,5132.62
54,3122.36,Salaried,Tier 1,1911.06,1869.96
63,5544.77,Student,Tier 2,2814.85,2546.94
45,5779.32,Student,Tier 1,4415.24,4803.02
36,4818.09,Freelancer,Tier 2,2946.05,2737.48
53,7651.74,Salaried,Tier 1,4743.18,5003.24
53,5752.58,Salaried,Tier 1,3005.32,2935.76
45,7764.35,Freelancer,Tier 1,5543.17,5312.6
62,4023.4,Student,Tier 1,2673.23,2807.04
33,4049.08,Salaried,Tier 1,2047.56,2102.11
60,5791.31,Business,Tier 1,4096.5,4456.36
23,4607.8,Student,Tier 3,1987.74,1828.29
24,7528.5,Business,Tier 1,4272.58,4527.72
58,5512.55,Salaried,Tier 1,3205.56,3315.05
38,3433.14,Salaried,Tier 3,1588.26,1529.4
23,2394.78,Salaried,Tier 2,1054.4,1064.09
23,4882.64,Salaried,Tier 2,3605.98,3710.29
49,4866.32,Salaried,Tier 1,3759.88,3937.55
44,5470.65,Salaried,Tier 2,2159.73,2024.56
58,6816.04,Freelancer,Tier 1,4270.1,4194.93
53,6618.67,Salaried,Tier 2,3136.5,2886.87
54,4131.65,Salaried,Tier 3,2054.48,1969.78
22,3059.27,Freelancer,Tier 2,1986.56,1815.57
40,3148.82,Freelancer,Tier 1,1735.11,1805.99
23,3894.8,Freelancer,Tier 2,2466.84,2490.0
47,4449.9,Salaried,Tier 2,2283.51,2463.02
53,5457.59,Freelancer,Tier 2,3156.86,3170.14
27,3798.55,Salaried,Tier 2,2016.12,1897.5
53,5420.59,Salaried,Tier 2,3241.54,2947.03
25,5543.06,Freelancer,Tier 2,3417.6,3220.36
32,5215.02,Salaried,Tier 3,2639.66,2822.24
38,3307.07,Salaried,Tier 3,1982.57,2062.26
59,5701.74,Salaried,Tier 1,4436.91,4564.51
45,8121.9,Salaried,Tier 2,5042.25,4789.45
26,5368.85,Salaried,Tier 1,3504.44,3500.66
55,2000.0,Business,Tier 2,1040.81,1087.64
27,6861.32,Salaried,Tier 1,3464.46,3252.0
43,3945.88,Student,Tier 2,2869.37,2855.91
32,8398.57,Salaried,Tier 2,4407.19,4069.62
37,5174.55,Salaried,Tier 1,2791.79,2808.94
54,2472.95,Salaried,Tier 3,1545.05,1567.77
30,2000.0,Salaried,Tier 2,1356.23,1365.83
27,7309.61,Freelancer,Tier 1,4367.93,4167.75
37,6658.86,Salaried,Tier 2,4741.76,4824.7
50,8339.03,Salaried,Tier 3,4272.62,4697.14
24,5016.39,Freelancer,Tier 1,3053.15,3260.1
41,4915.21,Salaried,Tier 2,2792.3,2933.35
57,4425.92,Business,Tier 2,2850.72,2675.19
40,4012.56,Freelancer,Tier 3,2203.62,2301.07
47,4411.36,Salaried,Tier 2,2413.73,2175.98
24,5326.19,Salaried,Tier 2,2129.42,1929.88
40,3734.15,Salaried,Tier 3,1920.82,1852.63
41,2496.07,Business,Tier 3,1188.23,1180.29
53,5239.81,Salaried,Tier 2,3356.44,3407.21
28,3700.71,Salaried,Tier 1,2654.51,2860.5
62,2000.0,Salaried,Tier 1,1417.68,1494.73
54,5828.85,Salaried,Tier 2,3423.72,3286.75
61,3337.91,Salaried,Tier 2,2341.88,2455.92
60,5992.68,Business,Tier 1,4036.95,4076.83
39,5956.77,Salaried,Tier 1,3423.98,3615.16
61,5425.39,Student,Tier 2,2729.41,2680.85
22,8745.23,Business,Tier 1,6359.84,5840.74
32,4792.92,Salaried,Tier 1,3703.78,3791.55
49,4571.54,Salaried,Tier 1,1992.64,2015.37
46,6025.51,Salaried,Tier 2,3408.5,3717.73
44,4916.83,Freelancer,Tier 2,3733.24,3602.79
52,6740.74,Salaried,Tier 1,4458.94,4598.17
51,3096.79,Student,Tier 1,2235.16,2223.57
63,3121.74,Freelancer,Tier 2,2086.38,2434.92
56,6148.71,Salaried,Tier 2,3901.51,4131.36
28,3252.78,Freelancer,Tier 2,2158.13,2285.71
37,5913.65,Salaried,Tier 1,3002.89,3131.78
47,5555.0,Business,Tier 2,3092.24,2834.72
23,3958.27,Salaried,Tier 3,2021.22,1958.61
22,5550.76,Salaried,Tier 1,2724.12,2477.18
33,3148.11,Salaried,Tier 2,1734.85,1680.61
26,3500.15,Business,Tier 1,1580.29,1627.04
58,4644.22,Salaried,Tier 1,2567.22,2576.82
53,5118.39,Student,Tier 1,2793.52,2906.9
30,4544.54,Salaried,Tier 2,2989.24,3020.0
62,5649.67,Salaried,Tier 1,3090.63,3125.13
56,5582.7,Salaried,Tier 1,3644.2,3652.2
40,7294.05,Salaried,Tier 1,3930.71,3824.05
37,4857.07,Salaried,Tier 1,2561.33,2533.95
24,6791.85,Salaried,Tier 2,4909.57,4529.02
41,6381.09,Freelancer,Tier 1,4226.32,4154.2
45,8440.97,Salaried,Tier 1,4689.11,5054.12
54,4809.11,Salaried,Tier 2,3455.49,3639.51
45,4369.46,Salaried,Tier 2,3327.47,3383.1
32,6886.54,Freelancer,Tier 2,3120.73,3019.64
29,5578.15,Salaried,Tier 1,3983.02,3959.38
57,6922.49,Salaried,Tier 2,4766.5,4510.39
59,6075.2,Salaried,Tier 1,3791.1,3703.0
61,2000.0,Freelancer,Tier 1,1405.38,1410.88
41,5564.48,Business,Tier 2,3466.25,3220.7
56,5466.82,Salaried,Tier 3,3668.41,3699.73
46,5199.66,Salaried,Tier 2,3962.99,4253.5
56,4801.64,Business,Tier 1,2723.14,2697.54
46,2611.78,Student,Tier 3,1502.84,1534.58
50,6311.27,Freelancer,Tier 1,3989.67,4396.67
39,5560.65,Student,Tier 3,3617.87,3652.29
39,6652.94,Freelancer,Tier 1,4885.2,4968.14
23,2691.87,Freelancer,Tier 1,1803.69,2063.67
56,5760.7,Salaried,Tier 2,4027.32,4215.01
37,4648.01,Salaried,Tier 3,2444.24,2219.87
62,5215.68,Salaried,Tier 3,3467.21,3226.52
57,4665.26,Business,Tier 2,2395.16,2460.93
54,5815.41,Student,Tier 2,3084.82,3053.33
25,4755.69,Freelancer,Tier 2,2406.09,2866.34
54,3422.13,Salaried,Tier 2,2500.64,2421.61
35,5129.64,Salaried,Tier 3,4043.71,4259.81
42,4678.74,Salaried,Tier 1,2113.96,1961.38
41,4874.91,Salaried,Tier 1,2724.31,2958.68
29,2000.0,Freelancer,Tier 3,1341.03,1775.63
28,6023.95,Student,Tier 3,4289.81,4058.93
24,4528.0,Salaried,Tier 1,2896.79,3064.32
38,2977.77,Salaried,Tier 1,1618.05,1762.99
54,6383.85,Freelancer,Tier 3,4494.87,5121.09
33,5954.55,Salaried,Tier 2,3690.63,3497.19
43,4509.02,Business,Tier 2,2386.12,2468.2
43,3271.75,Salaried,Tier 1,1910.94,1928.85
51,5267.05,Salaried,Tier 3,2982.86,3117.15
59,5184.66,Salaried,Tier 1,2835.89,2828.48
59,6386.5,Salaried,Tier 1,4124.85,4099.91
29,4334.4,Salaried,Tier 1,2830.71,3047.37
48,6792.38,Salaried,Tier 3,5088.47,5466.3
48,4189.62,Salaried,Tier 2,3090.28,3268.03
55,2981.25,Salaried,Tier 2,2047.52,2131.42
42,3301.58,Salaried,Tier 1,1908.17,1976.24
51,4906.38,Salaried,Tier 3,3087.66,2813.59
54,4901.73,Salaried,Tier 2,3599.97,3779.64
49,5491.79,Freelancer,Tier 2,3155.55,3506.86
54,4864.44,Student,Tier 3,3263.07,3134.12
26,6465.98,Salaried,Tier 1,3125.09,3325.16
40,4608.36,Salaried,Tier 2,2849.32,3038.77
25,2005.59,Salaried,Tier 3,1301.76,1414.28
56,4818.35,Salaried,Tier 2,2326.18,2288.2
38,2000.0,Freelancer,Tier 2,1396.43,1210.67
49,5407.09,Business,Tier 1,3528.71,3815.21
51,6585.79,Freelancer,Tier 2,3230.2,2624.07
50,3520.66,Salaried,Tier 2,2341.13,2480.03
27,7127.84,Salaried,Tier 1,4376.18,4806.76
56,6264.25,Student,Tier 3,4493.78,4630.33
62,6809.72,Salaried,Tier 1,3810.97,4179.65
58,5284.35,Salaried,Tier 1,2928.6,2937.86
45,3510.85,Student,Tier 2,2217.78,2063.89
50,6171.22,Freelancer,Tier 2,3408.22,3598.91
52,4063.1,Freelancer,Tier 1,2660.53,2906.83
56,5176.83,Salaried,Tier 1,3219.43,2898.07
54,4742.97,Salaried,Tier 1,2292.73,2366.96
42,6687.04,Salaried,Tier 1,3648.1,3393.66
53,6095.49,Freelancer,Tier 1,3570.33,4450.48
44,4879.15,Salaried,Tier 1,2106.8,1964.86
54,2072.59,Business,Tier 1,1146.49,1158.52
24,4047.16,Business,Tier 2,3040.74,3143.79
39,6056.33,Salaried,Tier 3,3593.14,3822.73
46,5420.17,Salaried,Tier 2,3544.25,3515.38
63,2745.17,Salaried,Tier 2,1946.04,2114.87
52,2290.12,Freelancer,Tier 1,1685.79,1495.48
24,5293.26,Freelancer,Tier 2,2777.93,2643.35
61,3414.41,Freelancer,Tier 2,2065.4,1526.89
45,3558.81,Salaried,Tier 2,1894.99,1954.88
53,6008.91,Salaried,Tier 1,2673.66,2677.62
43,6803.36,Freelancer,Tier 1,4623.48,4864.9
44,3873.95,Salaried,Tier 2,2159.2,2124.94
23,4932.86,Freelancer,Tier 2,3176.19,2727.17
48,4888.63,Freelancer,Tier 3,3158.25,3573.86
63,4753.69,Salaried,Tier 1,3094.57,3370.54
23,5060.9,Salaried,Tier 1,2070.34,2179.33
47,6134.75,Salaried,Tier 2,2720.38,2551.46
38,3989.11,Salaried,Tier 3,2444.67,2232.8
61,2712.08,Freelancer,Tier 1,1508.53,892.59
54,7535.01,Freelancer,Tier 2,3501.37,4752.61
30,6634.13,Business,Tier 1,4675.28,4306.85
64,3344.54,Freelancer,Tier 2,2026.69,2151.97
60,5203.45,Salaried,Tier 2,3167.96,3025.4
50,6516.05,Salaried,Tier 3,2923.79,3056.1
63,6123.57,Business,Tier 1,3949.72,3555.07
47,5693.02,Salaried,Tier 1,3437.91,3284.7
56,4744.66,Freelancer,Tier 2,2220.28,2452.33
46,7590.96,Freelancer,Tier 1,4473.86,4588.23
45,5331.29,Salaried,Tier 2,3661.41,3865.61
34,4227.56,Salaried,Tier 2,3269.94,3046.06
28,6306.61,Salaried,Tier 1,3373.68,3394.58
57,5144.09,Business,Tier 3,3196.25,3001.77
41,5524.7,Salaried,Tier 1,3549.18,3648.0
22,5304.72,Student,Tier 3,3251.71,3011.96
29,5745.16,Salaried,Tier 3,2604.97,2421.94
37,3532.32,Student,Tier 2,2268.53,2190.58
35,2823.34,Salaried,Tier 1,1549.54,1519.14
33,7151.2,Salaried,Tier 3,4007.94,4006.78
44,5374.38,Business,Tier 2,3203.8,3255.52
36,6156.27,Business,Tier 1,3968.81,3944.05
49,2360.36,Salaried,Tier 1,1422.67,1293.39
55,6600.02,Freelancer,Tier 1,4511.36,4548.09
23,4217.77,Business,Tier 3,2320.63,2117.06
53,3790.67,Salaried,Tier 3,2033.96,1878.6
44,4904.94,Salaried,Tier 3,2848.58,2616.61
43,3533.03,Business,Tier 2,2334.22,2174.6
46,4997.4,Salaried,Tier 2,3559.13,3781.87
43,4795.49,Salaried,Tier 1,1901.11,1949.61
43,6590.59,Freelancer,Tier 1,2707.19,2202.04
63,7270.02,Salaried,Tier 1,4391.19,4595.17
27,7222.27,Salaried,Tier 2,4073.38,4449.13
36,2000.0,Student,Tier 3,984.76,968.55
64,3597.25,Salaried,Tier 3,2521.76,2454.89
58,2000.0,Business,Tier 1,1356.58,1486.21
54,3209.69,Business,Tier 2,1799.79,1897.46
29,4025.72,Salaried,Tier 2,2282.57,2409.08
26,5615.84,Salaried,Tier 2,2756.04,2811.13
60,4220.1,Salaried,Tier 2,1795.83,1798.35
25,4261.89,Salaried,Tier 1,2679.3,2706.41
27,5272.65,Freelancer,Tier 3,3512.24,3438.8
53,2436.04,Freelancer,Tier 2,1454.16,1653.95
51,3742.11,Salaried,Tier 2,1547.22,1634.57
56,4244.67,Salaried,Tier 1,2967.68,3210.57
61,4696.4,Salaried,Tier 1,3118.74,3163.21
37,5115.43,Salaried,Tier 1,2582.47,2521.25
34,7250.97,Salaried,Tier 2,4523.15,4700.09
63,6362.5,Salaried,Tier 3,4156.1,3891.91
51,3846.03,Freelancer,Tier 2,2097.09,2110.38
40,4608.01,Salaried,Tier 2,2510.05,2589.36
38,4505.84,Salaried,Tier 2,2394.82,2187.7
40,4228.77,Freelancer,Tier 1,2649.17,2704.84
49,5408.77,Salaried,Tier 2,3021.07,3172.33
47,2210.33,Salaried,Tier 2,1626.06,1553.81
58,6321.07,Salaried,Tier 1,3461.79,3150.91
47,7540.33,Salaried,Tier 1,4484.68,4474.96
44,4595.24,Salaried,Tier 2,2867.96,3059.33
30,4565.95,Student,Tier 1,3244.09,3082.89
33,5235.57,Salaried,Tier 3,2429.76,2535.22
22,6529.08,Student,Tier 2,4961.63,4870.13
22,4513.56,Salaried,Tier 1,2999.74,2735.54
55,6400.92,Salaried,Tier 1,3700.07,3555.0
53,5732.74,Salaried,Tier 3,3780.91,3640.19
46,8542.42,Salaried,Tier 2,5499.55,5944.64
61,4507.01,Salaried,Tier 2,3028.74,3320.56
22,2036.0,Salaried,Tier 1,1112.96,1048.35
37,2850.59,Salaried,Tier 3,1573.99,1552.12
60,5017.89,Salaried,Tier 2,3231.18,3539.24
26,6541.82,Salaried,Tier 2,3682.98,3614.68
43,4021.24,Salaried,Tier 3,2377.19,2305.48
50,4653.6,Salaried,Tier 1,3002.56,2768.29
24,6027.26,Freelancer,Tier 2,3745.42,3645.1
33,3552.15,Business,Tier 1,2299.16,2274.79
47,4083.1,Salaried,Tier 2,2434.33,2501.84
37,3248.41,Salaried,Tier 1,2157.42,2161.67
58,6767.34,Salaried,Tier 3,4387.41,4101.83
43,7312.51,Business,Tier 1,4459.99,4171.31
50,2630.88,Salaried,Tier 2,1676.41,1823.86
35,4786.72,Freelancer,Tier 3,2987.99,2812.63
49,7110.89,Salaried,Tier 3,4418.7,4516.47
26,5598.04,Salaried,Tier 2,2654.89,2390.06
51,4266.14,Salaried,Tier 2,2649.03,2613.69
26,2680.76,Salaried,Tier 1,1484.86,1493.9
33,6729.42,Business,Tier 1,3585.5,3549.24
37,5540.77,Salaried,Tier 2,3621.08,3929.19
47,2790.52,Salaried,Tier 1,1671.61,1518.11
47,6784.84,Salaried,Tier 1,4412.78,4549.52
42,2599.39,Freelancer,Tier 1,1166.02,1089.49
60,4669.27,Salaried,Tier 2,3462.83,3504.03
57,4603.08,Salaried,Tier 2,2323.37,2395.82
54,7427.57,Salaried,Tier 1,4300.53,4249.63
51,4608.43,Salaried,Tier 1,2684.66,2495.86
58,4603.04,Freelancer,Tier 2,2866.96,2573.53
44,2955.38,Salaried,Tier 2,1460.51,1586.98
31,4039.4,Salaried,Tier 2,2305.55,2322.1
26,3774.06,Salaried,Tier 3,1715.64,1586.26
57,3852.17,Student,Tier 1,2598.06,2766.5
55,5009.43,Salaried,Tier 1,3608.41,3407.6
52,2000.0,Salaried,Tier 1,1098.09,1069.58
31,2734.65,Student,Tier 2,1461.09,1440.27
40,4833.47,Salaried,Tier 2,3204.82,3102.08
53,5181.88,Student,Tier 1,2517.69,2469.58
22,4649.85,Salaried,Tier 2,2463.68,2609.27
26,4938.81,Salaried,Tier 2,2333.68,2204.56
25,4386.33,Freelancer,Tier 3,3399.43,3574.81
37,4972.24,Business,Tier 2,3216.7,2907.91
45,5651.21,Salaried,Tier 2,3563.91,3569.37
37,5640.7,Student,Tier 2,3234.84,2983.61
23,3966.56,Salaried,Tier 3,2938.14,2810.17
49,6372.64,Business,Tier 3,3685.8,3556.7
53,5235.66,Salaried,Tier 2,3083.19,2825.65
48,6848.32,Salaried,Tier 2,3402.75,3307.86
41,7149.31,Student,Tier 2,4325.71,4324.03
45,2835.91,Student,Tier 2,1724.06,1700.3
33,3711.46,Salaried,Tier 2,2782.03,2659.86
56,6220.32,Salaried,Tier 1,2809.76,2694.48
54,2502.66,Salaried,Tier 3,1241.65,1274.82
54,7130.27,Salaried,Tier 2,4135.04,4315.66
64,4484.18,Salaried,Tier 3,3256.42,3306.26
58,5862.55,Salaried,Tier 2,3868.35,4236.77
33,4825.41,Salaried,Tier 2,2060.75,2244.11
24,2911.42,Freelancer,Tier 1,1652.69,1619.74
22,6583.32,Salaried,Tier 2,5001.55,4762.85
54,9126.08,Salaried,Tier 2,5902.7,6337.61
61,4227.49,Salaried,Tier 1,2720.24,2464.36
31,4516.46,Freelancer,Tier 3,2025.39,1449.59
64,2000.0,Salaried,Tier 1,1305.38,1424.04
50,7027.25,Salaried,Tier 2,3839.27,3976.5
34,6367.65,Freelancer,Tier 1,4579.76,3634.53
33,2399.92,Business,Tier 3,1278.01,1341.35
52,2000.0,Freelancer,Tier 1,1142.94,976.29
23,2076.15,Student,Tier 2,1146.38,1243.02
56,5967.75,Freelancer,Tier 1,3512.67,2759.83
44,6117.49,Freelancer,Tier 2,4239.11,4834.48
38,3615.0,Salaried,Tier 3,2213.89,2323.08
47,5748.89,Salaried,Tier 1,3127.54,2975.88
29,5238.32,Salaried,Tier 2,3347.06,3134.05
50,4449.1,Salaried,Tier 1,2161.62,1946.63
47,6455.3,Salaried,Tier 2,3520.99,3512.51
31,3192.6,Salaried,Tier 2,2283.57,2479.33
47,6721.31,Freelancer,Tier 2,2617.33,2933.15
55,3907.22,Salaried,Tier 2,1770.84,1609.12
62,7672.31,Salaried,Tier 2,4688.39,4801.31
28,3492.04,Student,Tier 1,1995.7,1818.55
25,4472.64,Salaried,Tier 2,2878.8,2882.78
32,5087.88,Salaried,Tier 1,2940.57,2870.89
50,5078.48,Salaried,Tier 2,3876.4,3857.35
57,5736.24,Business,Tier 3,3679.39,3431.14
46,3071.48,Salaried,Tier 1,1950.45,1790.59
42,4944.03,Freelancer,Tier 1,2722.33,2628.63
57,5207.2,Salaried,Tier 1,2433.46,2309.68
31,4208.39,Salaried,Tier 3,1710.62,1813.4
58,5606.09,Salaried,Tier 3,3958.59,4163.21
30,2980.45,Freelancer,Tier 1,1927.28,1536.36
45,4510.32,Business,Tier 2,3066.6,3317.01
56,3870.22,Freelancer,Tier 1,1771.32,2130.3
56,4514.85,Freelancer,Tier 2,2285.95,2137.18
57,7170.55,Salaried,Tier 2,3729.15,3669.88
39,7199.68,Freelancer,Tier 2,4078.33,3876.99
60,6905.62,Salaried,Tier 3,4621.89,5026.87
53,4306.61,Freelancer,Tier 2,3153.9,3323.14
45,6361.43,Salaried,Tier 1,3411.93,3419.69
44,5168.54,Salaried,Tier 2,3079.12,3060.14
53,5068.38,Salaried,Tier 2,2937.38,3172.87
58,4883.96,Salaried,Tier 3,3003.0,3060.74
33,7637.63,Salaried,Tier 1,5708.35,5441.25
34,7048.76,Freelancer,Tier 2,4013.18,3807.21
44,6117.34,Salaried,Tier 2,3894.23,4155.91
46,4744.55,Salaried,Tier 2,2516.21,2697.15
56,5059.34,Freelancer,Tier 1,3185.71,3249.06
62,5795.85,Salaried,Tier 3,2938.44,2814.0
51,4217.59,Freelancer,Tier 1,2082.96,2205.46
38,6407.47,Salaried,Tier 1,4435.76,4052.86
41,3618.13,Student,Tier 3,1978.23,2067.61
46,5587.77,Salaried,Tier 1,3882.1,3931.17
43,2000.0,Salaried,Tier 1,1140.64,1083.56
34,4174.07,Salaried,Tier 2,2284.85,2355.51
40,8116.52,Salaried,Tier 1,5804.7,5381.17
57,6554.29,Student,Tier 3,3651.67,3530.3
33,7303.2,Salaried,Tier 2,4248.29,4164.1
62,3999.04,Salaried,Tier 2,2081.62,2197.0
40,5155.66,Salaried,Tier 1,4067.09,3911.55
33,6922.99,Business,Tier 1,4880.97,4440.74
30,5949.64,Salaried,Tier 2,3202.04,2997.59
28,5762.85,Student,Tier 2,3041.08,3106.83
49,7445.87,Salaried,Tier 2,4463.59,4030.84
35,3439.32,Salaried,Tier 1,2219.44,2349.16
52,4723.64,Salaried,Tier 2,3927.72,4242.82
40,2368.87,Business,Tier 1,1616.22,1614.73
37,3357.34,Business,Tier 2,2305.94,2401.69
26,6611.28,Salaried,Tier 2,3702.35,3674.71
56,3623.98,Salaried,Tier 1,2444.98,2351.46
33,6103.29,Freelancer,Tier 2,4118.38,3682.53
46,7487.73,Salaried,Tier 1,5098.72,5117.24
42,4733.09,Salaried,Tier 2,1859.53,2019.41
57,5779.8,Salaried,Tier 2,3574.07,3852.83
44,6114.97,Salaried,Tier 1,4401.06,4770.42
37,3167.76,Salaried,Tier 3,1602.59,1752.08
60,4075.32,Salaried,Tier 2,2763.61,2578.65
63,3494.51,Salaried,Tier 3,1690.56,1571.05
60,4194.92,Business,Tier 1,2094.3,2064.04
35,6074.17,Salaried,Tier 3,4885.6,5070.58
52,4107.2,Freelancer,Tier 1,1841.39,1574.55
26,4947.27,Salaried,Tier 2,3130.02,3375.64
56,3436.31,Freelancer,Tier 3,2128.83,2137.71
44,6839.63,Salaried,Tier 1,4380.36,4497.72
50,4182.34,Freelancer,Tier 1,2571.19,2927.63
64,7284.47,Salaried,Tier 2,4987.07,4663.24
32,5091.39,Business,Tier 2,3589.87,3538.28
39,2889.5,Salaried,Tier 2,1289.65,1412.52
33,4743.46,Salaried,Tier 1,3165.67,3060.83
30,3405.83,Student,Tier 2,2368.28,2429.85
31,5884.02,Salaried,Tier 1,3958.88,4345.98
38,4607.96,Salaried,Tier 3,2662.15,2536.51
59,5244.82,Student,Tier 2,3050.3,2846.95
28,4445.97,Salaried,Tier 2,3472.53,3504.71
34,4166.99,Salaried,Tier 1,1709.23,1726.97
61,3539.57,Student,Tier 3,2038.95,2210.99
63,6254.33,Salaried,Tier 2,2613.01,2365.53
30,4740.27,Business,Tier 3,2654.5,2605.33
48,4527.96,Salaried,Tier 1,2548.47,2452.82
23,4702.68,Freelancer,Tier 2,2293.25,2363.0
26,3981.71,Salaried,Tier 2,2272.19,2049.21
50,4532.97,Student,Tier 1,2033.96,2119.82
58,5308.44,Salaried,Tier 2,3592.03,3581.25
59,3448.79,Salaried,Tier 1,1999.98,2080.26
40,3665.97,Freelancer,Tier 1,2017.16,1990.18
29,7067.43,Salaried,Tier 1,5582.21,5553.39
22,4455.87,Freelancer,Tier 2,2357.61,2796.79
43,4172.66,Business,Tier 2,2469.52,2326.73
38,2984.19,Salaried,Tier 2,1956.43,1845.89
28,6276.02,Freelancer,Tier 1,3439.45,3226.25
46,3416.11,Salaried,Tier 2,1910.32,1971.54
25,4977.06,Salaried,Tier 3,2748.24,2668.37
57,2437.72,Salaried,Tier 1,1444.4,1450.04
27,6227.26,Freelancer,Tier 1,4290.66,4071.51
52,6765.28,Salaried,Tier 2,3759.84,3486.05
40,5726.78,Freelancer,Tier 2,3568.97,2957.64
60,2698.28,Salaried,Tier 2,2076.33,2249.23
48,6258.14,Freelancer,Tier 2,4062.66,4593.73
31,3758.98,Salaried,Tier 1,1909.62,1772.23
47,3243.54,Business,Tier 3,2287.61,2080.15
40,4424.81,Salaried,Tier 2,1909.0,1753.68
60,4394.95,Salaried,Tier 1,2322.95,2226.98
24,4242.43,Salaried,Tier 1,2547.7,2706.35
34,6910.51,Freelancer,Tier 2,2913.71,2465.22
49,8017.74,Salaried,Tier 2,4148.22,3887.42
41,2946.3,Freelancer,Tier 2,1915.61,1476.25
49,3966.75,Salaried,Tier 3,1951.82,1805.06
29,5214.12,Freelancer,Tier 1,3479.81,3061.69
62,4416.93,Salaried,Tier 3,2151.85,2227.4
60,5599.1,Salaried,Tier 2,2893.39,2817.49
22,6373.98,Salaried,Tier 2,3711.88,3469.57
24,6124.05,Salaried,Tier 3,3806.11,3770.48
34,5914.6,Salaried,Tier 2,3160.75,3326.68
49,7488.64,Student,Tier 1,5103.43,4671.27
46,2616.58,Student,Tier 3,1463.79,1338.18
54,7220.16,Freelancer,Tier 2,4994.54,5013.33
59,4380.51,Salaried,Tier 2,1918.17,1885.58
27,6177.69,Salaried,Tier 3,2914.76,2749.48
53,3455.5,Freelancer,Tier 2,2657.07,2242.17
42,3637.26,Salaried,Tier 2,2430.04,2293.74
37,5993.18,Student,Tier 2,4123.62,4070.31
42,2106.9,Salaried,Tier 2,1386.45,1269.82
32,6484.16,Student,Tier 1,3387.83,3534.11
58,6889.95,Salaried,Tier 2,3952.06,3993.24
57,5266.68,Freelancer,Tier 1,2927.01,3034.19
56,5212.64,Salaried,Tier 2,3265.77,3277.99
40,3749.55,Business,Tier 3,3029.01,3123.4
41,6011.67,Salaried,Tier 1,3239.61,3560.21
39,5521.5,Freelancer,Tier 1,2998.56,3309.66
62,3617.74,Business,Tier 1,1878.74,1893.91
35,4412.78,Salaried,Tier 2,2378.11,2506.78
36,4761.0,Salaried,Tier 3,3102.07,3086.7
52,4410.8,Salaried,Tier 2,2270.24,2184.38
22,2955.63,Salaried,Tier 1,2286.14,2177.3
24,6048.53,Salaried,Tier 2,3485.99,3415.91
37,4634.73,Salaried,Tier 2,2424.93,2183.54
44,5023.05,Salaried,Tier 1,3619.9,3386.02
32,4132.6,Freelancer,Tier 2,2236.95,2379.42
33,5712.91,Freelancer,Tier 1,2583.48,2987.95
31,5298.04,Salaried,Tier 2,3303.04,3015.57
53,6819.18,Business,Tier 1,5288.65,5289.68
37,5720.9,Business,Tier 1,2749.33,2980.12
29,4695.97,Salaried,Tier 3,3178.86,3247.22
59,3890.42,Salaried,Tier 2,2616.45,2613.97
33,6298.93,Salaried,Tier 1,4148.78,4350.4
45,4576.14,Freelancer,Tier 3,3186.22,3013.89
49,4742.42,Freelancer,Tier 2,2281.24,2157.67
29,4742.04,Salaried,Tier 1,3468.66,3709.58
49,4397.59,Freelancer,Tier 2,2486.58,2431.53
57,4768.19,Salaried,Tier 3,2397.3,2544.88
47,7889.31,Salaried,Tier 2,5197.45,4785.15
29,3428.27,Freelancer,Tier 1,2471.93,2314.38
49,3778.24,Freelancer,Tier 2,2149.76,2001.7
49,7076.49,Salaried,Tier 2,3607.29,3966.97
58,4437.79,Salaried,Tier 3,2458.7,2403.59
62,4324.07,Student,Tier 1,2502.78,2731.68
57,6552.3,Salaried,Tier 2,3897.74,3822.73
48,2869.71,Freelancer,Tier 1,1468.73,1506.68
38,6232.18,Salaried,Tier 2,3876.42,3987.79
30,5068.42,Salaried,Tier 3,2686.03,2463.87
54,5697.2,Salaried,Tier 1,3784.73,3968.94
41,5669.05,Salaried,Tier 1,4081.46,3843.65
34,4058.03,Freelancer,Tier 2,2074.79,1759.82
49,6576.78,Salaried,Tier 2,3534.0,3733.46
50,4174.79,Salaried,Tier 1,2123.42,2312.11
34,5613.27,Salaried,Tier 2,2936.03,2971.14
56,6856.59,Salaried,Tier 3,3385.93,3399.05
27,7068.35,Student,Tier 2,5318.85,5324.09
39,4599.31,Freelancer,Tier 2,3587.56,3964.01
26,5694.7,Salaried,Tier 1,2406.2,2643.51
46,4460.77,Freelancer,Tier 3,2827.31,2734.53
23,8755.69,Freelancer,Tier 1,6616.17,6700.9
31,6170.19,Freelancer,Tier 1,3667.14,3394.63
51,5126.09,Salaried,Tier 1,1925.96,1809.95
26,5468.84,Salaried,Tier 2,2742.17,2937.49
54,5610.66,Salaried,Tier 3,2584.36,2838.84
22,5655.12,Business,Tier 1,3973.69,4131.04
39,4640.0,Freelancer,Tier 3,2801.43,3208.38
53,4408.51,Salaried,Tier 3,3113.77,3020.35
32,4772.22,Salaried,Tier 2,3709.68,3804.35
42,3290.46,Salaried,Tier 2,2014.49,2019.2
47,6077.41,Salaried,Tier 1,4456.2,4440.17
46,3797.44,Student,Tier 1,1665.37,1709.46
43,3410.07,Salaried,Tier 3,1683.99,1620.11
48,4978.47,Salaried,Tier 2,2984.28,3068.21
34,4804.82,Student,Tier 1,2879.65,2979.21
54,5374.45,Salaried,Tier 2,2378.54,2538.43
55,4147.69,Freelancer,Tier 3,2683.19,3139.61
62,4411.19,Salaried,Tier 2,3231.11,3114.65
56,6038.18,Salaried,Tier 1,3700.41,3664.0
22,5946.83,Salaried,Tier 2,3122.61,2885.53
42,5884.29,Freelancer,Tier 2,3288.85,2959.61
27,5050.95,Salaried,Tier 1,3239.0,3252.56
49,5253.38,Salaried,Tier 1,3016.97,2776.07
38,5345.66,Freelancer,Tier 2,3802.87,4356.19
26,4015.94,Salaried,Tier 2,2872.23,2809.2
52,7211.07,Salaried,Tier 1,4679.27,4243.88
26,6997.38,Salaried,Tier 1,5567.24,5494.25
59,6191.37,Salaried,Tier 1,4260.2,4073.73
24,4361.21,Freelancer,Tier 1,2660.85,2548.34
44,5808.72,Freelancer,Tier 1,3519.88,3350.84
58,6467.55,Student,Tier 2,4179.29,4007.18
58,3165.2,Freelancer,Tier 2,1906.66,1584.91
31,7541.77,Salaried,Tier 2,5441.49,5296.18
31,2390.92,Business,Tier 2,1165.04,1148.67
40,6056.91,Salaried,Tier 1,3685.56,3384.79
38,7179.92,Salaried,Tier 2,4380.3,3946.9
42,4830.4,Salaried,Tier 1,3553.34,3721.06
35,4774.3,Salaried,Tier 1,2435.33,2356.11
30,6001.49,Freelancer,Tier 1,4216.43,3796.57
22,7777.82,Salaried,Tier 3,4494.32,4320.87
34,4578.4,Salaried,Tier 1,2768.21,3036.27
25,3828.57,Salaried,Tier 3,2398.05,2309.52
22,4364.34,Salaried,Tier 1,2914.85,2976.08
61,2671.23,Salaried,Tier 2,2061.41,1945.96
53,6346.64,Freelancer,Tier 2,3177.44,3626.83
55,4228.88,Salaried,Tier 1,2576.82,2617.71
49,4687.49,Business,Tier 1,2844.37,2663.94
52,6364.43,Salaried,Tier 3,3400.19,3144.26
29,4434.63,Salaried,Tier 2,2903.88,3178.94
60,6138.64,Freelancer,Tier 1,4255.63,4411.72
47,3442.87,Business,Tier 1,2352.27,2427.58
55,6438.08,Salaried,Tier 3,3951.73,4237.09
24,5512.86,Freelancer,Tier 3,3094.3,2584.82
33,4867.13,Student,Tier 2,2091.58,2187.53
22,5196.34,Student,Tier 1,3679.91,3522.12
26,3069.86,Freelancer,Tier 3,1742.14,2028.1
51,5162.0,Freelancer,Tier 1,2939.15,3208.82
51,4787.5,Salaried,Tier 2,2552.84,2314.65
38,3110.85,Business,Tier 2,1910.72,1985.18
44,3993.39,Salaried,Tier 1,1793.32,1769.96
36,4806.13,Student,Tier 2,3415.22,3374.02
58,4089.06,Salaried,Tier 3,2656.21,2872.57
42,2000.0,Salaried,Tier 2,1265.24,1356.27
35,6614.58,Salaried,Tier 1,4019.58,3663.88
23,4786.87,Salaried,Tier 1,3374.22,3454.06
32,2000.0,Salaried,Tier 1,817.33,806.84
60,8202.44,Salaried,Tier 1,4846.4,4475.95
59,6862.09,Freelancer,Tier 2,4306.07,4903.35
55,4476.53,Freelancer,Tier 2,2421.81,1744.84
59,3736.25,Salaried,Tier 1,2382.34,2159.4
55,5604.79,Freelancer,Tier 1,2717.07,2553.84
39,5303.49,Salaried,Tier 1,2518.61,2419.57
51,5813.13,Salaried,Tier 2,3578.76,3264.46
36,3740.57,Freelancer,Tier 2,1982.52,2164.85
48,6646.66,Business,Tier 2,3201.68,3161.43
55,4289.81,Salaried,Tier 2,2127.45,2090.09
59,6021.15,Salaried,Tier 2,2801.21,2602.52
54,3804.59,Salaried,Tier 2,2057.29,2031.69
45,8972.22,Salaried,Tier 1,6071.17,5937.8
36,6043.29,Salaried,Tier 2,3664.92,3579.63
51,9326.35,Student,Tier 1,5838.8,5510.16
63,6241.4,Business,Tier 1,4625.67,4250.47
38,4157.8,Freelancer,Tier 3,2957.81,2969.9
26,6244.07,Salaried,Tier 1,2597.1,2683.99
50,6350.87,Freelancer,Tier 2,3099.31,2730.54
25,5559.99,Salaried,Tier 2,2816.16,2749.88
31,5945.59,Salaried,Tier 1,3118.52,3127.49
38,6142.59,Salaried,Tier 1,4622.86,5051.08
31,3509.48,Freelancer,Tier 2,1909.79,1667.35
38,3402.71,Student,Tier 1,2090.56,2264.75
41,3808.67,Salaried,Tier 1,2545.26,2708.15
45,5191.31,Salaried,Tier 3,2713.71,2762.07
26,4665.24,Salaried,Tier 2,3064.94,3286.1
55,3536.64,Business,Tier 1,2082.72,2109.89
27,6162.97,Salaried,Tier 1,3650.1,3546.25
23,5424.57,Salaried,Tier 2,3221.29,3139.05
34,5253.39,Freelancer,Tier 1,3734.45,3754.47
64,4613.02,Salaried,Tier 1,2376.95,2524.06
64,4432.66,Salaried,Tier 2,2090.6,1937.43
32,3738.0,Salaried,Tier 1,2179.64,1978.79
44,6400.61,Freelancer,Tier 2,3917.17,4397.91
37,3944.76,Salaried,Tier 2,2344.82,2414.04
52,5314.09,Student,Tier 1,2152.8,2291.14
32,7493.02,Freelancer,Tier 1,4264.18,4453.32
37,4501.61,Salaried,Tier 2,2400.41,2281.06
29,6441.05,Salaried,Tier 2,3454.45,3243.24
25,5853.06,Salaried,Tier 1,3823.93,3702.31
61,5467.2,Salaried,Tier 1,2758.64,2967.17
25,5645.52,Student,Tier 3,3915.1,3534.53
46,4857.64,Business,Tier 1,2548.81,2299.3
24,5052.16,Salaried,Tier 3,3061.17,2887.78
53,4177.83,Salaried,Tier 1,2659.26,2593.27
24,5062.19,Salaried,Tier 1,3730.59,3583.12
48,4122.16,Salaried,Tier 2,2528.86,2693.19
50,6508.48,Salaried,Tier 1,3357.31,3484.7
53,2450.75,Salaried,Tier 1,1969.84,2102.93
40,5721.58,Student,Tier 1,3757.11,3669.76
42,5504.88,Salaried,Tier 3,3941.91,4017.44
26,5369.02,Salaried,Tier 1,2394.29,2401.69
39,6536.75,Business,Tier 2,3852.79,3833.32
49,4570.81,Salaried,Tier 2,3128.28,2995.7
63,5383.15,Salaried,Tier 2,3877.07,4039.3
43,2425.19,Salaried,Tier 2,1634.64,1642.49
42,4377.02,Salaried,Tier 1,3318.14,3038.49
27,6283.6,Student,Tier 1,3948.25,3553.84
22,2991.26,Student,Tier 1,1999.1,1807.31
26,5239.62,Student,Tier 1,3507.53,3210.06
62,3983.72,Business,Tier 1,2069.21,2015.81
33,4833.52,Salaried,Tier 1,3206.5,3081.87
47,4073.48,Student,Tier 3,2849.31,2653.65
55,3129.21,Student,Tier 3,1553.64,1558.44
35,5579.0,Salaried,Tier 1,3884.74,4250.05
47,4925.6,Salaried,Tier 1,3247.35,3026.98
48,5918.94,Salaried,Tier 1,3420.34,3249.73
30,6191.66,Salaried,Tier 1,3245.83,3221.23
47,6837.89,Salaried,Tier 1,4201.19,4319.53
43,5200.23,Student,Tier 3,3084.73,3146.57
51,6902.93,Student,Tier 1,5220.95,5243.08
64,3536.34,Salaried,Tier 1,1836.07,1923.2
38,6363.44,Salaried,Tier 1,3904.93,4175.11
47,5689.09,Business,Tier 3,2756.8,3031.91
57,5349.64,Freelancer,Tier 3,2646.58,2503.06
22,5667.1,Salaried,Tier 2,3256.83,3579.22
29,3558.89,Freelancer,Tier 2,2065.25,2152.52
56,3204.88,Business,Tier 1,1903.11,1963.0
36,7564.74,Student,Tier 1,5051.31,5192.42
43,4746.92,Salaried,Tier 2,3109.74,3365.2
35,4725.51,Salaried,Tier 2,3302.13,3597.96
47,3346.54,Student,Tier 1,2113.44,1977.54
49,2777.33,Salaried,Tier 1,1561.58,1559.52
44,4867.52,Freelancer,Tier 2,2739.83,2905.46
35,4487.62,Salaried,Tier 1,2860.07,2792.63
45,5002.6,Salaried,Tier 2,3834.6,3629.58
23,5130.73,Salaried,Tier 1,2523.23,2322.71
47,8734.19,Salaried,Tier 1,6263.86,6385.65
35,4492.13,Student,Tier 2,2307.48,2399.91
28,7369.91,Salaried,Tier 3,4020.87,3776.04
24,7463.04,Business,Tier 1,3902.17,4037.68
44,6130.44,Business,Tier 1,3140.71,3391.73
64,4647.31,Salaried,Tier 1,3388.54,3214.77
39,2957.79,Freelancer,Tier 2,2026.44,2043.39
59,5716.92,Salaried,Tier 3,2739.34,2923.11
56,6528.22,Freelancer,Tier 1,3101.41,2712.25
36,7621.53,Salaried,Tier 1,4401.89,4150.86
46,3575.06,Salaried,Tier 3,1525.76,1593.31
58,4634.71,Salaried,Tier 2,2687.42,2736.29
49,3584.2,Freelancer,Tier 2,2194.34,2066.26
31,4049.78,Student,Tier 1,2821.2,3003.82
60,5996.58,Salaried,Tier 1,4175.54,4150.85
38,3981.04,Salaried,Tier 2,2840.42,2954.23
60,3763.59,Salaried,Tier 2,2121.73,2037.46
43,6195.49,Business,Tier 2,3681.07,3913.55
47,5676.11,Salaried,Tier 1,3764.81,3587.32
46,5525.02,Freelancer,Tier 2,3262.66,3175.1
38,4020.67,Salaried,Tier 3,1980.76,1937.77
34,6939.53,Salaried,Tier 3,4171.84,3926.89
41,5021.74,Business,Tier 1,3148.3,3384.03
46,8570.29,Freelancer,Tier 2,4749.83,3985.72
25,5241.75,Freelancer,Tier 2,3170.01,3518.31
31,2000.0,Salaried,Tier 3,1160.0,1232.88
24,2000.0,Business,Tier 2,1384.95,1407.36
62,5935.92,Salaried,Tier 3,3270.03,3156.82
39,6950.74,Student,Tier 3,4771.48,5039.98
57,3824.26,Salaried,Tier 1,2648.72,2648.29
43,8151.47,Salaried,Tier 2,3852.52,3592.87
55,7494.5,Salaried,Tier 2,5128.63,4940.78
29,5315.82,Salaried,Tier 1,2493.94,2539.8
61,5809.18,Salaried,Tier 1,4111.08,4241.63
40,6341.8,Business,Tier 1,3366.85,3399.26
63,7834.99,Freelancer,Tier 2,4778.59,5275.03
62,6023.2,Student,Tier 1,3229.2,3289.75
58,5281.9,Salaried,Tier 3,3050.75,2948.52
27,6008.45,Salaried,Tier 2,3064.46,2895.87
47,5806.04,Business,Tier 2,4016.55,4374.45
55,6386.62,Salaried,Tier 1,3449.96,3322.22
27,2644.97,Salaried,Tier 2,1410.14,1363.78
58,5473.78,Business,Tier 2,3846.17,4151.38
54,5690.66,Salaried,Tier 1,2943.2,2732.87
43,4890.73,Salaried,Tier 3,2926.92,2976.44
42,6176.25,Business,Tier 2,4189.81,4427.55
27,7881.75,Salaried,Tier 1,6086.22,5810.72
27,5207.33,Business,Tier 3,3818.18,4080.94
25,6037.58,Salaried,Tier 1,4222.6,4450.33
51,7409.4,Freelancer,Tier 2,4408.9,4460.38
32,5242.35,Salaried,Tier 2,2801.39,2587.76
51,3667.31,Freelancer,Tier 1,2430.47,2449.56
52,5923.67,Salaried,Tier 2,3535.3,3623.14
45,2000.0,Business,Tier 2,939.27,942.48
30,2000.0,Salaried,Tier 2,985.45,1061.42
24,5499.52,Salaried,Tier 1,3993.49,3930.68
52,2000.0,Freelancer,Tier 1,1203.41,1006.28
61,3027.25,Salaried,Tier 1,1940.91,2080.04
58,4429.85,Salaried,Tier 3,2652.58,2595.8
57,3917.88,Salaried,Tier 1,2194.53,2314.08
45,4778.29,Salaried,Tier 2,3463.41,3294.49
52,6669.31,Salaried,Tier 3,3969.47,4130.13
27,5357.72,Salaried,Tier 2,3375.2,3382.24
23,3741.02,Salaried,Tier 3,2659.02,2480.81
41,7031.66,Freelancer,Tier 3,3994.22,3562.95
49,2856.71,Salaried,Tier 1,1798.31,1783.09
32,5332.83,Salaried,Tier 1,2635.27,2746.4
25,2689.87,Student,Tier 1,1539.45,1571.25
36,5378.48,Business,Tier 1,3474.78,3721.3
27,4522.06,Salaried,Tier 2,2910.2,2845.97
51,6623.36,Salaried,Tier 1,3923.85,4193.53
59,6081.03,Student,Tier 2,3369.78,3057.76
23,4119.29,Salaried,Tier 1,2612.46,2542.34
36,3831.59,Salaried,Tier 1,1825.26,1669.37
32,4527.35,Salaried,Tier 2,3254.02,3526.86
29,7813.36,Freelancer,Tier 1,4915.66,4987.33
47,7428.6,Salaried,Tier 2,4231.09,4075.52
26,3547.6,Freelancer,Tier 3,2113.46,1758.4
27,6200.34,Freelancer,Tier 2,4478.15,4954.43
47,2402.85,Salaried,Tier 1,1075.95,1150.46
25,4328.99,Business,Tier 3,2371.85,2391.98
40,3608.65,Salaried,Tier 1,2392.87,2360.04
41,6603.92,Salaried,Tier 2,4966.39,5424.65
54,3063.92,Salaried,Tier 1,2159.14,2361.47
41,5644.03,Salaried,Tier 1,3114.9,2827.34
33,5001.07,Salaried,Tier 3,3273.33,3408.74
22,4736.83,Salaried,Tier 1,2999.17,2922.24
47,7507.37,Salaried,Tier 3,3369.4,3487.46
35,7639.55,Salaried,Tier 1,3336.28,3427.64
59,4783.41,Salaried,Tier 3,2962.65,2861.98
58,4481.13,Freelancer,Tier 3,2962.02,3342.56
32,2739.69,Salaried,Tier 2,1204.02,1169.61
57,4993.61,Freelancer,Tier 2,3338.77,3456.75
34,7929.95,Salaried,Tier 2,4155.45,4415.91
64,4806.9,Salaried,Tier 3,3065.77,2848.39
24,6093.14,Salaried,Tier 1,3613.01,3468.9
54,2903.75,Salaried,Tier 2,1658.54,1558.69
27,4347.84,Salaried,Tier 1,2559.9,2704.19
31,5693.7,Salaried,Tier 1,2674.11,2835.21
26,5158.79,Student,Tier 1,3540.08,3367.29
44,6237.0,Student,Tier 2,3026.89,2726.7
31,4095.99,Salaried,Tier 3,3032.66,2986.17
23,2375.02,Freelancer,Tier 1,1671.8,1885.02
34,6683.14,Salaried,Tier 2,4220.61,4324.02
61,3595.78,Salaried,Tier 2,1760.27,1741.15
23,5759.91,Freelancer,Tier 2,3953.83,3838.31
41,5676.29,Salaried,Tier 3,3567.16,3548.88
22,2504.37,Salaried,Tier 1,1564.35,1412.64
58,6573.69,Salaried,Tier 1,3599.3,3292.55
30,4150.15,Salaried,Tier 1,3279.05,3057.83
38,5082.58,Salaried,Tier 3,3221.33,3302.13
30,4462.73,Salaried,Tier 3,2604.79,2458.29
32,7433.89,Salaried,Tier 1,4625.73,4554.85
36,7015.24,Salaried,Tier 1,3304.89,3385.14
45,2281.5,Freelancer,Tier 2,1387.33,1546.39
59,8388.24,Salaried,Tier 2,6237.8,6299.75
56,3982.54,Freelancer,Tier 2,2250.66,1941.14
51,8153.66,Freelancer,Tier 3,3914.51,4393.51
52,4615.69,Freelancer,Tier 3,2917.23,2901.68
26,4488.62,Freelancer,Tier 3,2080.45,1744.41
35,4629.01,Salaried,Tier 2,2203.29,2388.95
32,4398.82,Salaried,Tier 1,2402.06,2451.22
30,8786.59,Salaried,Tier 2,5392.38,5567.79
55,4885.46,Student,Tier 2,2929.06,2812.89
33,4546.56,Salaried,Tier 1,2385.06,2184.01
56,5115.52,Salaried,Tier 1,2805.05,2729.74
56,3549.0,Salaried,Tier 2,2204.84,2161.69
22,7395.68,Student,Tier 2,3595.86,3430.64
61,2793.38,Salaried,Tier 2,1789.1,1687.29
43,4078.99,Salaried,Tier 1,2569.62,2495.36
50,6404.99,Salaried,Tier 2,4063.55,4176.86
29,5063.53,Student,Tier 1,2878.4,3136.9
32,5823.82,Salaried,Tier 2,4311.84,4487.58
62,7299.75,Salaried,Tier 2,4364.06,4608.1
58,6505.7,Freelancer,Tier 3,4054.35,3909.59
35,5206.21,Salaried,Tier 2,3494.83,3218.53
51,8134.01,Business,Tier 2,3570.66,3421.77
56,4057.5,Salaried,Tier 2,3125.01,3064.17
42,4849.54,Salaried,Tier 2,3550.15,3684.97
58,4954.34,Business,Tier 1,2884.55,3138.02
26,4846.37,Student,Tier 2,2765.47,2936.54
40,3396.18,Salaried,Tier 2,2410.53,2297.91
35,2624.53,Salaried,Tier 2,1371.39,1459.24
47,5625.8,Business,Tier 1,3044.02,2990.29
25,4049.79,Salaried,Tier 3,2501.9,2339.49
46,7861.71,Student,Tier 1,4536.48,4501.33
63,4891.19,Student,Tier 1,2914.85,2951.71
46,4622.77,Salaried,Tier 3,2448.49,2577.48
39,6641.51,Student,Tier 3,5161.32,5006.38
61,5603.29,Salaried,Tier 1,3521.0,3272.27
29,4736.72,Freelancer,Tier 3,2242.0,1972.26
60,4038.9,Salaried,Tier 1,1939.46,1789.14
61,10486.55,Business,Tier 2,6097.86,6646.7
35,5542.68,Freelancer,Tier 2,3715.38,4379.05
53,6626.64,Freelancer,Tier 2,4054.16,4297.44
59,3465.58,Student,Tier 2,2192.33,2105.73
54,4133.02,Salaried,Tier 1,2585.26,2425.81
44,8168.52,Salaried,Tier 1,4582.53,5023.29
36,7095.4,Business,Tier 2,4483.7,4921.55
54,5686.43,Freelancer,Tier 1,2685.41,2468.78
46,4427.64,Student,Tier 3,2231.56,2344.26
38,4648.95,Student,Tier 2,2499.43,2393.78
54,3985.83,Salaried,Tier 1,2105.3,2277.64
23,3264.73,Salaried,Tier 2,1937.61,1778.43
35,6385.77,Salaried,Tier 1,3825.11,4122.38
61,5808.25,Freelancer,Tier 1,3749.35,3449.16
61,6104.12,Salaried,Tier 2,2709.78,2721.69
60,4494.65,Freelancer,Tier 3,3171.75,3149.42
27,5383.46,Salaried,Tier 2,3136.24,3090.66
27,4351.93,Salaried,Tier 1,2374.94,2343.49
24,3909.04,Salaried,Tier 2,2274.8,2344.68
28,7500.59,Salaried,Tier 1,4625.61,4184.42
29,5182.26,Freelancer,Tier 1,3743.06,3955.37
63,5761.18,Salaried,Tier 3,2901.36,2624.11
36,6253.63,Salaried,Tier 3,3765.83,3528.79
50,5201.06,Salaried,Tier 1,2036.9,2080.39
54,5360.95,Freelancer,Tier 2,3510.95,2913.7
51,3370.06,Business,Tier 3,1952.05,2143.7
60,3655.83,Salaried,Tier 1,2414.0,2551.3
48,3578.28,Freelancer,Tier 1,1657.42,2023.22
57,5908.19,Salaried,Tier 3,3151.94,3005.49
50,5106.34,Salaried,Tier 2,3062.4,2785.91
59,3655.95,Freelancer,Tier 1,2210.93,2649.14
54,5870.15,Salaried,Tier 1,3427.72,3186.3
58,5815.18,Freelancer,Tier 1,3646.64,3879.55
48,3957.55,Salaried,Tier 2,2316.84,2176.68
54,4958.26,Student,Tier 2,2646.45,2579.81
25,5820.71,Salaried,Tier 2,4064.65,4222.03
43,3712.47,Salaried,Tier 2,2092.59,2278.99
23,5849.34,Student,Tier 1,3128.86,2828.36
31,5451.54,Salaried,Tier 1,2467.81,2349.74
26,3501.2,Salaried,Tier 1,2394.9,2521.81
31,5329.7,Salaried,Tier 3,2639.19,2466.8
54,5548.47,Salaried,Tier 2,2276.14,2099.26
59,4061.0,Salaried,Tier 1,2581.18,2346.91
34,4179.07,Salaried,Tier 2,2503.25,2504.5
52,3487.37,Freelancer,Tier 3,2687.7,3075.7
57,4326.5,Salaried,Tier 2,2569.61,2806.9
45,4981.88,Freelancer,Tier 1,2434.59,2381.31
36,4183.22,Salaried,Tier 1,2796.66,2584.88
50,2772.67,Salaried,Tier 1,1677.82,1645.12
29,3967.12,Salaried,Tier 3,2673.85,2436.12
26,4374.06,Salaried,Tier 2,3322.19,3210.13
50,6225.26,Salaried,Tier 2,3853.01,3963.27
25,5892.15,Salaried,Tier 3,3888.94,3630.84
33,6254.33,Salaried,Tier 3,3579.04,3673.44
23,3891.47,Salaried,Tier 1,2245.8,2457.78
48,5212.33,Salaried,Tier 1,3424.74,3674.2
52,2000.0,Salaried,Tier 2,1537.01,1493.01
57,5643.38,Freelancer,Tier 1,3591.23,2889.87
57,5916.35,Salaried,Tier 2,4286.73,4217.56
47,4472.56,Salaried,Tier 3,2723.26,2919.28
64,5443.14,Salaried,Tier 2,4150.67,4560.61
48,2727.61,Salaried,Tier 1,2012.0,2143.14
26,3798.4,Salaried,Tier 1,2515.25,2544.49
41,6148.17,Student,Tier 1,4563.55,4196.06
32,5766.88,Freelancer,Tier 3,4421.73,4688.81
31,4382.22,Freelancer,Tier 1,3123.72,3762.14
61,6217.04,Business,Tier 1,3542.08,3783.94
59,5207.45,Salaried,Tier 1,3780.95,3699.15
27,4243.67,Salaried,Tier 3,2482.3,2456.07
29,4725.76,Freelancer,Tier 2,2908.53,2924.23
44,4316.87,Salaried,Tier 3,2633.7,2864.34
47,3224.34,Salaried,Tier 2,1552.19,1689.78
64,6885.03,Freelancer,Tier 2,3740.06,3221.97
33,4147.96,Freelancer,Tier 1,2864.86,2688.13
47,3751.46,Salaried,Tier 1,1879.4,1767.94
34,2705.98,Salaried,Tier 2,1502.14,1469.98
61,2000.0,Freelancer,Tier 3,1195.22,1311.08
39,6052.25,Business,Tier 1,3969.37,3881.72
46,6190.41,Freelancer,Tier 1,4018.22,3930.08
54,6789.56,Student,Tier 2,4046.07,3920.87
61,4776.44,Salaried,Tier 1,2281.83,2414.66
64,4517.01,Salaried,Tier 2,2285.8,2194.38
33,4238.42,Salaried,Tier 1,2381.65,2531.54
57,4375.16,Salaried,Tier 1,2459.64,2493.06
25,6679.69,Student,Tier 1,4144.17,4376.61
26,4960.23,Student,Tier 2,2769.84,3001.89
58,5567.11,Salaried,Tier 2,3331.19,3090.3
29,4336.99,Salaried,Tier 1,2278.61,2207.47
63,6981.27,Salaried,Tier 3,3929.84,3580.52
49,2142.89,Business,Tier 1,1496.08,1468.23
52,3169.21,Salaried,Tier 1,1506.61,1427.48
30,5569.57,Salaried,Tier 2,3396.78,3445.47
50,7625.92,Salaried,Tier 1,3679.37,3887.91
35,4662.35,Salaried,Tier 2,3630.85,3620.95
61,3736.44,Student,Tier 3,2520.5,2436.63
62,6500.99,Salaried,Tier 2,4059.86,3777.74
43,5485.55,Salaried,Tier 2,3451.83,3125.17
32,6935.32,Salaried,Tier 2,3545.69,3671.84
44,3064.47,Salaried,Tier 1,2086.09,1890.23
22,6817.5,Freelancer,Tier 2,3414.56,3912.35
58,2677.31,Salaried,Tier 1,1701.86,1733.94
42,4567.74,Salaried,Tier 3,2637.56,2560.17
47,5619.17,Business,Tier 1,3077.13,2795.21
57,5279.02,Salaried,Tier 2,2543.2,2499.2
44,6590.89,Freelancer,Tier 3,4185.35,4749.89
22,2260.01,Salaried,Tier 2,1312.89,1436.26
61,5211.51,Salaried,Tier 3,2818.58,2584.6
36,6799.46,Freelancer,Tier 2,3775.47,3828.93
42,5088.94,Business,Tier 1,2806.7,2671.06
30,3286.49,Salaried,Tier 3,2538.17,2476.97
30,6511.26,Salaried,Tier 1,4395.6,4437.51
31,4027.53,Salaried,Tier 1,2146.42,2358.8
47,3763.52,Salaried,Tier 2,2475.97,2331.77
62,3574.8,Salaried,Tier 2,1840.07,1704.09
56,4701.97,Freelancer,Tier 3,2073.49,2386.15
46,5274.59,Salaried,Tier 3,3993.13,4275.08
47,3096.35,Salaried,Tier 3,2409.99,2481.43
32,3404.53,Salaried,Tier 1,2099.92,2035.9
59,3958.28,Salaried,Tier 2,2194.83,2404.21
23,3567.52,Freelancer,Tier 2,2277.48,2159.56
28,5055.14,Salaried,Tier 3,3762.42,3966.08
39,5541.83,Salaried,Tier 1,2676.6,2838.49
48,5335.81,Student,Tier 1,2808.34,2954.85
55,5338.0,Salaried,Tier 3,3306.53,3146.27
48,7506.49,Salaried,Tier 1,3482.03,3238.48
38,5635.53,Salaried,Tier 2,3272.95,3308.53
64,6175.95,Student,Tier 1,2988.99,3260.48
45,4378.08,Student,Tier 2,2434.53,2618.72
46,6416.01,Salaried,Tier 2,3639.87,3353.67
28,4306.47,Salaried,Tier 1,2905.1,2647.7
27,5617.17,Student,Tier 2,3722.65,4000.94
45,2942.95,Salaried,Tier 1,1964.66,2009.07
54,5249.35,Salaried,Tier 1,2716.95,2610.62
50,3536.93,Business,Tier 1,2379.5,2408.89
64,6404.05,Salaried,Tier 2,4180.03,3947.34
43,6313.81,Salaried,Tier 1,3326.06,3623.38
47,4300.06,Business,Tier 2,3206.11,3415.91
49,8074.36,Salaried,Tier 2,4311.4,4709.98
42,4571.18,Salaried,Tier 2,3110.63,2915.94
28,2581.97,Salaried,Tier 2,1573.86,1682.04
38,3831.32,Salaried,Tier 2,2210.19,2236.84
41,3433.79,Salaried,Tier 1,2079.92,2007.12
62,5569.4,Salaried,Tier 2,3688.88,3673.87
41,3146.96,Freelancer,Tier 1,2232.13,2909.66
43,4191.18,Business,Tier 3,2400.01,2491.91
49,5471.83,Salaried,Tier 3,2968.06,2884.91
61,5207.97,Freelancer,Tier 1,3476.09,3399.54
28,4981.03,Freelancer,Tier 2,3165.78,3436.97
22,5189.0,Freelancer,Tier 3,2760.21,2894.66
53,4444.25,Salaried,Tier 1,2465.83,2606.07
34,2594.37,Business,Tier 2,1157.66,1209.28
51,4404.74,Salaried,Tier 1,2874.77,2972.19
44,5703.12,Salaried,Tier 2,4359.68,4018.46
40,4794.6,Salaried,Tier 3,2472.23,2716.96
53,5587.23,Freelancer,Tier 2,2878.84,2852.57
51,4119.83,Salaried,Tier 2,3129.42,3189.58
50,6491.5,Salaried,Tier 3,2946.97,2799.12
50,2000.0,Freelancer,Tier 2,887.77,766.84
51,5212.16,Business,Tier 2,3475.04,3516.37
37,7023.32,Freelancer,Tier 2,5164.01,5880.89
61,7246.55,Salaried,Tier 2,3950.11,3852.89
40,4652.26,Salaried,Tier 3,3312.46,3032.34
39,3010.7,Freelancer,Tier 3,1945.56,2491.98
22,7049.71,Salaried,Tier 2,5083.81,5354.7
35,4922.2,Freelancer,Tier 2,2390.38,1753.01
23,4761.55,Salaried,Tier 1,2158.3,2240.57
49,3660.72,Student,Tier 3,1621.82,1484.22
51,3125.17,Salaried,Tier 2,1319.43,1282.87
59,5845.79,Salaried,Tier 2,2696.12,2682.17
25,6004.81,Business,Tier 1,3842.23,4058.9
22,5302.32,Salaried,Tier 3,2676.6,2589.96
29,3853.93,Salaried,Tier 1,1844.66,1827.57
50,3402.5,Business,Tier 1,2022.75,2074.67
60,2851.63,Salaried,Tier 2,1760.34,1804.03
24,4159.18,Salaried,Tier 2,2517.22,2526.16
53,3491.22,Salaried,Tier 1,2021.21,1951.87
31,2436.04,Salaried,Tier 2,1219.78,1261.24
31,5977.02,Salaried,Tier 1,2788.87,2976.92
40,3021.4,Freelancer,Tier 1,1954.47,1341.3
55,6475.88,Freelancer,Tier 1,3210.69,3237.02
54,5591.11,Salaried,Tier 3,3608.17,3729.94
44,5441.51,Salaried,Tier 1,2821.87,2966.23
49,7497.96,Student,Tier 1,4478.82,4730.94
53,3071.3,Student,Tier 2,1655.87,1706.63
28,6310.66,Salaried,Tier 2,4127.1,4109.16
50,4553.54,Business,Tier 2,2025.56,2084.63
29,8856.61,Freelancer,Tier 3,5657.99,5185.79
22,4428.81,Salaried,Tier 3,2849.63,2683.07
24,4186.54,Salaried,Tier 1,2930.89,3181.5
45,5638.3,Salaried,Tier 2,3389.8,3676.01
44,4686.64,Business,Tier 2,2708.75,2830.04
29,3862.31,Freelancer,Tier 1,2369.53,2445.84
58,3544.58,Freelancer,Tier 1,2247.76,2120.2
24,7187.31,Salaried,Tier 2,4411.6,4577.29
54,3254.81,Freelancer,Tier 1,1817.19,1750.51
49,5334.63,Freelancer,Tier 3,3718.15,4258.46
29,6584.28,Business,Tier 2,3220.75,2917.8
55,6656.74,Salaried,Tier 1,5123.17,4873.39
56,4097.52,Freelancer,Tier 1,2275.76,2667.66
53,4690.72,Salaried,Tier 3,2948.96,3207.7
45,4399.71,Freelancer,Tier 1,3065.72,3153.83
35,2697.47,Freelancer,Tier 2,1985.35,2181.42
53,5806.28,Salaried,Tier 2,2761.73,2576.97
64,5057.76,Freelancer,Tier 3,2960.1,2799.12
37,7160.88,Salaried,Tier 2,4979.08,4531.18
25,3765.19,Business,Tier 1,2937.5,3019.66
58,6633.04,Salaried,Tier 1,3904.05,3864.9
42,6738.85,Freelancer,Tier 2,4244.06,4537.4
35,5070.61,Student,Tier 3,2619.45,2870.58
52,2000.0,Salaried,Tier 1,1393.88,1366.63
39,4231.15,Salaried,Tier 2,1598.29,1536.51
28,7678.81,Salaried,Tier 1,4274.38,3975.69
31,5445.58,Salaried,Tier 3,2776.57,2578.66
28,6040.1,Salaried,Tier 2,2800.63,2811.04
54,4866.25,Freelancer,Tier 1,2140.25,2510.41
44,4664.84,Student,Tier 1,2871.79,2908.81
42,2198.98,Business,Tier 1,1527.58,1641.63
40,6192.11,Salaried,Tier 2,3697.62,3561.45
40,6619.52,Freelancer,Tier 2,4195.27,4229.98
57,3573.71,Business,Tier 1,2405.71,2483.29
50,4731.72,Salaried,Tier 3,3456.6,3304.99
39,4529.39,Salaried,Tier 2,2627.45,2572.96
23,5630.23,Salaried,Tier 2,3110.6,3167.18
22,4183.45,Business,Tier 1,2405.05,2174.61
26,6397.01,Salaried,Tier 1,3877.18,4176.97
41,5106.99,Freelancer,Tier 2,3995.08,3419.49
32,2000.0,Salaried,Tier 2,1155.02,1050.5
63,5664.08,Student,Tier 2,2767.74,2610.0
23,6494.53,Salaried,Tier 3,4762.08,4764.28
24,3271.91,Freelancer,Tier 2,2052.26,2184.24
44,5613.09,Salaried,Tier 1,3159.91,3122.09
33,7744.94,Salaried,Tier 3,4394.0,4028.66
41,5168.1,Freelancer,Tier 2,2866.09,2445.52
26,6712.44,Student,Tier 1,3528.65,3244.7
58,4336.77,Salaried,Tier 1,2737.61,2589.62
59,4973.05,Salaried,Tier 2,3250.43,3382.6
51,4693.07,Salaried,Tier 3,2735.66,2776.86
30,4419.32,Salaried,Tier 1,2880.56,2784.9
55,4778.42,Salaried,Tier 1,3299.63,3142.06
56,2553.98,Freelancer,Tier 2,1323.37,1447.53
43,4503.68,Student,Tier 3,2880.34,3034.65
45,7006.71,Salaried,Tier 1,4317.89,4596.0
38,3554.46,Salaried,Tier 3,2370.37,2145.83
31,3400.8,Salaried,Tier 1,2121.87,1934.97
51,5091.82,Salaried,Tier 1,2241.25,2336.56
44,5166.77,Salaried,Tier 1,3040.47,2853.07
53,5566.2,Salaried,Tier 1,2754.22,2713.26
38,4829.39,Salaried,Tier 1,2741.86,2568.66
38,5107.8,Salaried,Tier 3,3684.67,3446.69
35,4473.67,Salaried,Tier 1,1996.33,1840.25
30,3086.31,Salaried,Tier 1,2258.97,2301.56
61,4892.91,Salaried,Tier 1,2493.15,2612.48
23,6086.9,Business,Tier 2,3733.49,3402.58
46,5772.58,Freelancer,Tier 3,3086.82,3392.83
60,2383.64,Business,Tier 1,1264.82,1304.88
30,5377.89,Salaried,Tier 2,3252.57,3182.52
43,3660.85,Salaried,Tier 1,2230.91,2322.23
64,7088.25,Salaried,Tier 2,4410.63,4639.3
25,5489.4,Salaried,Tier 1,3191.51,2892.97
47,6344.43,Freelancer,Tier 2,4522.23,4437.12
50,5031.75,Salaried,Tier 2,3098.67,3240.67
55,4900.92,Salaried,Tier 2,2862.94,2793.32
44,7243.77,Salaried,Tier 1,4262.7,3841.4
58,6459.16,Salaried,Tier 1,3066.98,2966.57
32,5176.79,Student,Tier 2,2777.78,2984.81
27,4700.5,Salaried,Tier 2,2669.49,2910.78
39,2439.24,Freelancer,Tier 1,1148.4,1865.79
42,5486.85,Salaried,Tier 3,2498.61,2401.84
63,4810.84,Student,Tier 2,3384.58,3361.61
57,5830.93,Salaried,Tier 1,3285.85,3112.49
62,6286.73,Freelancer,Tier 1,4303.59,3984.39
59,6849.38,Salaried,Tier 3,3525.18,3520.62
55,5505.49,Freelancer,Tier 1,3822.05,3678.99
38,3430.46,Salaried,Tier 3,1931.18,1823.99
58,2000.0,Salaried,Tier 2,1321.13,1429.34
46,3762.95,Business,Tier 1,2913.2,2719.9
59,7000.23,Student,Tier 2,4725.02,4780.22
33,7735.24,Salaried,Tier 1,3788.79,3998.23
44,4643.15,Business,Tier 1,2924.56,2756.92
63,2808.56,Salaried,Tier 1,1685.25,1616.64
43,4027.38,Business,Tier 3,2429.42,2211.49
42,6706.71,Freelancer,Tier 2,4039.39,4465.32
48,4113.48,Salaried,Tier 1,2915.94,2908.34
52,5883.69,Business,Tier 1,3599.19,3285.56
27,5252.84,Business,Tier 2,3260.28,3475.54
48,6065.0,Salaried,Tier 1,3141.03,3184.59
61,7727.02,Freelancer,Tier 1,5059.02,4175.59
55,5884.67,Salaried,Tier 1,3625.46,3589.85
33,5220.37,Business,Tier 2,3756.94,3707.66
28,7892.56,Freelancer,Tier 1,6010.45,5836.19
31,5524.33,Salaried,Tier 2,3910.54,3848.27
38,3810.58,Freelancer,Tier 2,2042.41,2084.46
47,6031.2,Salaried,Tier 3,3239.78,3369.33
42,5671.18,Salaried,Tier 2,3174.29,2860.35
49,4538.15,Salaried,Tier 2,2830.4,2607.57
23,4223.62,Salaried,Tier 2,1883.66,2041.38
64,4552.61,Freelancer,Tier 3,2133.62,2322.48
22,4202.17,Salaried,Tier 2,2140.32,2001.71
57,4601.36,Salaried,Tier 2,2255.59,2387.87
47,3735.81,Freelancer,Tier 1,1690.22,1104.49
50,5579.23,Salaried,Tier 3,2913.86,2745.56
42,5466.8,Salaried,Tier 1,3255.62,3394.7
32,5517.8,Salaried,Tier 1,2705.39,2767.69
61,4906.45,Freelancer,Tier 2,3345.82,4021.81
32,4733.51,Salaried,Tier 3,2508.52,2652.96
57,7163.01,Salaried,Tier 2,5309.96,5480.87
60,5101.11,Salaried,Tier 2,3041.01,3318.48
61,6895.65,Business,Tier 3,4970.66,5332.75
56,3505.38,Salaried,Tier 2,2136.47,2020.66
55,5883.77,Student,Tier 2,4136.35,4478.48
45,3897.95,Freelancer,Tier 2,2381.19,2389.17
43,4165.77,Business,Tier 3,2908.65,3040.44
26,4382.14,Salaried,Tier 2,2596.67,2777.4
54,4288.1,Salaried,Tier 3,2402.55,2371.97
57,4295.59,Student,Tier 1,2757.83,2510.46
41,6825.91,Salaried,Tier 1,4897.43,5337.86
40,5068.12,Salaried,Tier 1,3074.58,2811.69
56,5337.58,Salaried,Tier 2,3667.22,3555.82
64,4314.26,Student,Tier 3,2908.8,2964.91
38,6285.41,Freelancer,Tier 1,4037.25,3843.62
64,5532.58,Salaried,Tier 1,3463.29,3697.55
55,4536.61,Freelancer,Tier 1,2753.37,2912.49
30,2623.57,Salaried,Tier 2,1409.29,1546.27
47,5324.44,Freelancer,Tier 1,3332.1,3196.23
23,5863.52,Salaried,Tier 1,3111.53,3176.59
30,3531.73,Business,Tier 3,2205.7,2276.28
30,4556.91,Salaried,Tier 1,3049.08,3069.57
61,5805.74,Salaried,Tier 2,3118.83,3050.9
38,2643.61,Salaried,Tier 2,1608.16,1560.47
22,4026.72,Salaried,Tier 2,1717.4,1851.93
46,5565.36,Freelancer,Tier 1,3292.58,3050.78
64,6657.53,Salaried,Tier 3,4322.83,4602.34
61,8278.67,Salaried,Tier 2,3826.19,3836.96
63,7937.98,Salaried,Tier 1,5044.23,4849.55
46,5215.65,Salaried,Tier 1,2808.33,2579.03
60,4273.66,Salaried,Tier 1,3045.74,2938.34
56,6384.68,Salaried,Tier 2,3236.28,3482.31
24,4184.61,Salaried,Tier 2,2853.92,2974.9
58,3856.86,Salaried,Tier 1,2151.78,2274.79
51,4542.1,Salaried,Tier 1,2864.66,3021.32
59,4353.99,Student,Tier 3,2763.76,2553.7
55,5618.95,Freelancer,Tier 3,2336.88,2116.18
33,4096.4,Salaried,Tier 2,2921.05,2814.28
40,5127.68,Freelancer,Tier 2,2387.02,2099.88
58,7392.43,Business,Tier 3,4768.2,4354.4
38,5183.21,Salaried,Tier 2,2750.32,2559.7
31,7275.11,Business,Tier 2,4612.42,4941.03
33,6803.08,Salaried,Tier 1,4298.45,4375.01
37,5888.06,Business,Tier 2,3668.61,3552.89
45,4468.77,Salaried,Tier 1,2798.57,2813.39
40,6560.76,Salaried,Tier 1,3281.73,3125.07
29,4625.04,Salaried,Tier 3,2890.67,2939.14
52,4996.99,Student,Tier 2,3009.24,2753.23
42,5495.3,Freelancer,Tier 3,3318.94,3492.6
38,4991.95,Salaried,Tier 2,2617.82,2481.92
44,3919.6,Salaried,Tier 3,2261.49,2405.81
58,2709.35,Salaried,Tier 1,1596.58,1647.67
37,6438.7,Salaried,Tier 2,3408.26,3423.94
27,5855.51,Salaried,Tier 1,3381.71,3672.4
29,2419.08,Salaried,Tier 1,1399.59,1303.53
46,3879.82,Business,Tier 1,2735.03,2526.77
39,5268.6,Freelancer,Tier 2,3501.21,3366.04
46,5663.86,Salaried,Tier 1,2632.87,2806.76
33,2722.32,Salaried,Tier 2,1391.78,1262.4
36,4866.14,Student,Tier 1,2981.96,2826.54
47,5809.48,Freelancer,Tier 1,4023.36,3712.1
62,4472.73,Freelancer,Tier 2,3291.24,3397.9
47,5383.74,Student,Tier 3,3503.94,3363.3
53,4268.67,Freelancer,Tier 1,2537.14,2565.3
31,6363.79,Salaried,Tier 2,4620.39,4469.63
37,3801.07,Salaried,Tier 3,2331.34,2141.13
28,3286.88,Student,Tier 2,2327.2,2438.29
38,5043.39,Salaried,Tier 2,3296.02,3270.56
44,2849.71,Salaried,Tier 1,1232.53,1309.57
47,2000.0,Salaried,Tier 2,1306.64,1357.52
42,6625.6,Freelancer,Tier 1,3884.61,3560.99
43,3523.66,Student,Tier 2,2165.21,2165.24
28,2999.52,Salaried,Tier 3,1842.98,2023.91
35,3782.36,Salaried,Tier 2,2520.31,2423.46
36,3715.02,Business,Tier 1,1808.26,1805.72
28,4786.83,Salaried,Tier 3,2667.27,2748.37
30,3359.77,Salaried,Tier 2,2226.58,2093.99
29,5747.28,Student,Tier 3,3419.37,3557.86
44,5969.35,Salaried,Tier 2,3850.02,3973.05
50,3087.51,Salaried,Tier 1,2082.3,2030.22
39,4072.86,Freelancer,Tier 2,2829.14,2580.47
52,4215.41,Salaried,Tier 2,2336.21,2532.03
51,4752.49,Student,Tier 1,2950.74,2730.63
60,6624.03,Salaried,Tier 2,3354.08,3308.49
56,6710.47,Salaried,Tier 2,3877.62,4084.67
39,8748.3,Salaried,Tier 2,5662.21,5263.74
63,2000.0,Salaried,Tier 1,1095.1,1189.92
60,3613.56,Business,Tier 2,1701.2,1710.13
38,7721.01,Freelancer,Tier 1,4437.68,5188.28
35,2298.95,Student,Tier 2,1187.0,1169.03
52,7686.9,Salaried,Tier 1,4300.54,4616.59
45,5221.03,Freelancer,Tier 1,3541.64,3769.82
56,5276.2,Salaried,Tier 1,2628.03,2565.0
55,3080.3,Business,Tier 1,2150.02,2168.25
24,4323.26,Freelancer,Tier 2,1973.38,1975.03
58,7621.06,Salaried,Tier 3,4650.49,4527.73
64,4928.48,Salaried,Tier 2,2805.79,2541.11
61,4333.25,Salaried,Tier 2,2405.08,2542.62
47,5608.58,Salaried,Tier 3,3470.67,3796.45
44,4711.67,Student,Tier 3,3314.11,3492.76
60,5517.73,Salaried,Tier 3,3653.8,3667.11
36,3725.39,Salaried,Tier 1,2438.77,2598.52
25,4884.27,Salaried,Tier 2,2505.44,2684.77
50,4038.39,Freelancer,Tier 3,2821.18,3140.03
43,2294.05,Salaried,Tier 3,1439.39,1565.24
46,5722.94,Salaried,Tier 2,3968.91,3595.97
34,3149.34,Salaried,Tier 1,2165.27,1953.11
39,4752.89,Freelancer,Tier 3,2790.13,2424.8
54,6389.1,Salaried,Tier 2,3738.74,3408.13
37,2753.28,Freelancer,Tier 1,1960.68,2079.26
63,5907.03,Salaried,Tier 1,3700.92,4026.84
23,4550.28,Salaried,Tier 2,2452.79,2538.75
56,3550.21,Salaried,Tier 1,2230.83,2301.97
63,8034.38,Salaried,Tier 1,5840.75,5706.28
55,4999.17,Salaried,Tier 3,3526.88,3550.7
51,4147.86,Salaried,Tier 1,2630.92,2527.88
34,3829.68,Freelancer,Tier 2,2381.77,2453.36
34,6321.74,Salaried,Tier 3,3625.1,3803.93
39,4081.92,Salaried,Tier 2,2800.6,2833.48
53,6134.78,Business,Tier 1,3950.71,3886.61
53,4996.28,Salaried,Tier 2,2734.05,2922.66
56,6674.28,Freelancer,Tier 1,3031.27,2726.09
60,3436.19,Business,Tier 1,2280.75,2272.3
50,3645.41,Salaried,Tier 2,2752.13,3015.31
50,4578.49,Freelancer,Tier 3,2959.24,2596.49
37,4702.9,Salaried,Tier 2,3168.07,2855.25
31,4468.16,Salaried,Tier 1,2622.81,2639.72
51,8947.16,Salaried,Tier 2,6952.55,6725.78
46,8094.87,Salaried,Tier 1,4225.46,4049.02
60,5448.58,Salaried,Tier 2,3689.64,3760.66
41,5625.46,Salaried,Tier 1,3451.47,3414.4
26,4645.35,Salaried,Tier 3,2921.38,3057.42
22,3425.26,Salaried,Tier 1,2348.41,2126.31
51,4726.89,Salaried,Tier 1,2655.25,2881.95
24,6156.68,Salaried,Tier 2,4252.34,4309.82
35,6958.44,Salaried,Tier 1,3241.4,3360.73
51,6493.56,Salaried,Tier 2,4160.67,4247.7
25,2735.34,Salaried,Tier 3,1501.53,1648.41
39,4566.16,Salaried,Tier 1,2587.89,2839.58
58,2796.7,Business,Tier 1,1481.02,1513.57
46,6753.27,Business,Tier 3,3569.96,3701.31
22,4381.42,Salaried,Tier 2,2647.97,2710.77
36,4929.33,Freelancer,Tier 3,1907.13,1486.97
30,5720.08,Salaried,Tier 1,3675.05,3449.12
36,9149.21,Salaried,Tier 1,6708.91,6578.44
45,5402.41,Student,Tier 1,2458.14,2547.98
25,4642.59,Salaried,Tier 1,2781.67,2534.65
33,3138.44,Student,Tier 2,2116.17,2122.23
58,7187.96,Salaried,Tier 1,4737.85,4651.05
58,4727.55,Salaried,Tier 2,3248.81,3266.66
64,7485.71,Salaried,Tier 1,5071.92,5437.33
27,6658.42,Salaried,Tier 3,3448.7,3136.67
60,4305.57,Salaried,Tier 1,3402.62,3582.02
45,2911.59,Salaried,Tier 1,1991.49,2057.97
32,5408.85,Freelancer,Tier 2,3301.56,2771.51
34,4077.64,Salaried,Tier 1,2483.48,2599.8
55,5059.02,Salaried,Tier 2,3450.58,3448.07
46,6573.57,Salaried,Tier 2,3633.94,3620.15
28,2519.63,Business,Tier 3,1788.61,1782.56
25,5396.92,Salaried,Tier 2,3287.0,3582.33
29,6139.39,Salaried,Tier 2,3839.1,4180.29
41,6212.17,Student,Tier 3,3976.48,4305.42
50,2954.69,Salaried,Tier 3,1542.51,1661.82
31,5629.0,Salaried,Tier 2,4135.64,3753.17
64,6805.3,Business,Tier 2,4192.34,4109.0
55,5514.85,Freelancer,Tier 2,3327.57,3908.71
47,4826.46,Salaried,Tier 1,2710.38,2848.68
62,6709.42,Salaried,Tier 3,4308.6,4271.25
24,3958.52,Freelancer,Tier 2,2156.79,2280.86
27,2705.25,Salaried,Tier 1,1601.45,1507.99
26,4699.1,Student,Tier 1,2389.25,2436.93
26,5802.57,Salaried,Tier 1,3329.36,3351.34
44,6558.41,Salaried,Tier 1,3786.93,3842.64
30,5795.75,Salaried,Tier 1,3365.4,3514.69
56,6253.73,Freelancer,Tier 2,3610.0,3557.36
41,6567.97,Business,Tier 1,4340.7,4135.83
63,4490.93,Freelancer,Tier 2,3260.57,3470.9
56,4778.09,Student,Tier 1,3245.95,3340.17
39,6930.75,Salaried,Tier 1,3155.63,3278.79
38,3184.76,Salaried,Tier 2,2002.98,1974.51
45,5643.7,Business,Tier 3,2733.94,2977.03
24,3924.94,Business,Tier 2,2158.45,2149.67
53,6650.39,Business,Tier 2,2688.26,2484.81
56,4973.1,Freelancer,Tier 2,3199.03,3199.26
59,5011.39,Salaried,Tier 1,3118.27,2886.81
34,7593.32,Salaried,Tier 1,4036.33,3893.18
46,3385.94,Student,Tier 1,1653.13,1563.2
30,5323.73,Salaried,Tier 2,3966.26,3997.14
25,4729.81,Salaried,Tier 2,2752.06,2668.12
35,5798.62,Freelancer,Tier 2,3247.72,3122.3
58,7894.0,Salaried,Tier 1,5046.57,5340.09
55,4092.14,Business,Tier 2,2599.2,2582.82
32,3203.9,Salaried,Tier 1,1855.31,1838.41
62,3786.01,Freelancer,Tier 1,2389.85,2876.99
24,4650.77,Freelancer,Tier 1,2245.31,2419.09
49,5096.35,Salaried,Tier 2,2576.83,2685.0
50,5171.79,Salaried,Tier 1,3350.57,3235.35
30,7703.99,Salaried,Tier 2,5363.63,5429.38
24,7437.26,Salaried,Tier 3,3455.02,3611.47
46,6954.42,Salaried,Tier 1,4009.54,3846.33
55,8771.66,Salaried,Tier 2,5373.05,5575.65
33,6236.15,Salaried,Tier 1,3744.21,3795.7
63,6662.53,Salaried,Tier 1,3109.93,3069.0
30,6207.16,Salaried,Tier 1,4157.42,4334.5
36,5961.36,Freelancer,Tier 3,3682.3,3536.58
61,5591.59,Salaried,Tier 2,3050.16,3181.02
46,4404.71,Business,Tier 2,3181.06,3213.58
26,3129.83,Freelancer,Tier 1,1932.75,1773.87
32,4804.02,Freelancer,Tier 3,3193.99,2885.92
55,5848.66,Business,Tier 3,3183.76,3428.75
45,5108.39,Salaried,Tier 2,2401.16,2309.93
36,3402.0,Business,Tier 3,2456.24,2609.67
59,4751.18,Salaried,Tier 1,3016.27,2917.41
29,4673.0,Business,Tier 2,2653.71,2824.14
26,4906.47,Business,Tier 2,3830.57,3486.7
47,5736.37,Salaried,Tier 2,3453.12,3112.79
39,6059.39,Salaried,Tier 3,3692.83,3407.2
27,4249.92,Salaried,Tier 1,1852.26,1990.79
58,6471.68,Freelancer,Tier 1,4148.01,4394.95
34,6697.46,Salaried,Tier 1,4773.74,4863.58
49,5480.45,Salaried,Tier 3,3579.32,3824.29
26,5997.13,Salaried,Tier 3,2938.94,2674.82
34,6476.35,Salaried,Tier 2,4641.27,4536.48
38,3353.53,Student,Tier 2,1766.63,1817.18
61,6582.1,Freelancer,Tier 2,3869.71,3666.43
53,3814.91,Salaried,Tier 2,2737.56,2481.4
50,3960.95,Salaried,Tier 1,2493.17,2568.44
24,5294.43,Salaried,Tier 2,2948.71,2884.67
61,2000.0,Salaried,Tier 2,1099.19,993.49
55,5263.43,Business,Tier 2,3939.81,3680.2
61,6472.67,Salaried,Tier 1,3221.27,3039.32
48,2531.11,Salaried,Tier 2,1586.33,1589.7
34,6633.51,Business,Tier 3,3675.86,3445.29
54,3951.82,Student,Tier 2,2096.69,2038.54
27,5310.29,Salaried,Tier 2,3023.18,3174.74
45,4169.64,Salaried,Tier 2,3273.74,3475.22
40,5859.38,Salaried,Tier 2,4408.01,4668.45
37,6537.42,Freelancer,Tier 1,4066.54,4082.19
61,5970.52,Student,Tier 2,2479.97,2500.71
49,4994.03,Salaried,Tier 2,3140.65,3172.46
54,4286.22,Salaried,Tier 2,2620.68,2858.31
62,4896.05,Business,Tier 2,2810.42,3022.81
34,5983.96,Freelancer,Tier 2,3667.18,3690.27
64,6035.4,Student,Tier 2,3433.07,3411.44
46,5826.24,Salaried,Tier 2,3350.0,3503.48
63,3076.13,Salaried,Tier 3,1453.38,1326.27
57,4965.47,Salaried,Tier 2,3105.96,3382.15
48,4049.86,Salaried,Tier 3,1772.67,1789.54
59,5997.39,Salaried,Tier 2,3575.6,3577.6
28,3852.54,Salaried,Tier 1,2395.31,2295.11
26,5678.08,Salaried,Tier 3,4217.6,3798.7
64,4576.72,Business,Tier 2,2162.14,1972.41
52,2181.36,Salaried,Tier 3,1469.83,1400.16
44,6396.44,Freelancer,Tier 2,3412.73,3769.38
63,4962.07,Salaried,Tier 1,3315.67,3039.52
31,6913.97,Business,Tier 1,4462.59,4883.91
53,2502.04,Salaried,Tier 2,1196.17,1174.86
64,4562.72,Freelancer,Tier 3,3105.75,3069.75
51,4675.39,Salaried,Tier 2,2013.9,2024.05
60,5405.31,Salaried,Tier 1,3689.67,3368.66
52,3012.22,Freelancer,Tier 2,1719.92,1123.21
39,5816.06,Salaried,Tier 2,3846.02,3815.47
57,7867.49,Salaried,Tier 1,4999.13,4677.52
23,5711.81,Business,Tier 1,3160.84,2947.0
35,5139.31,Business,Tier 1,2708.92,2633.58
34,2933.81,Salaried,Tier 1,1734.29,1759.73
50,3838.63,Salaried,Tier 1,2333.58,2294.8
33,4916.23,Salaried,Tier 1,3012.66,3070.99
60,4205.34,Salaried,Tier 3,2900.08,3019.26
23,6539.38,Student,Tier 1,3555.39,3732.09
53,5800.55,Salaried,Tier 1,3375.24,3308.38
34,9038.57,Salaried,Tier 1,4711.96,4916.46
48,3528.71,Student,Tier 2,1406.73,1305.87
62,5049.67,Salaried,Tier 2,2915.44,2923.07
38,2924.76,Freelancer,Tier 1,1596.29,1283.05
61,2000.0,Salaried,Tier 2,1445.5,1371.52
52,6084.08,Salaried,Tier 2,4400.98,4474.2
55,5744.92,Salaried,Tier 1,3375.25,3537.54
45,3718.11,Salaried,Tier 2,2469.48,2269.6
56,5139.54,Salaried,Tier 2,3023.46,2846.33
27,4056.1,Salaried,Tier 1,2582.11,2836.14
40,4258.69,Salaried,Tier 2,2897.24,2803.18
51,4519.57,Salaried,Tier 3,2669.38,2554.08
28,3655.15,Salaried,Tier 2,2270.71,2082.36
31,3925.03,Salaried,Tier 1,2569.11,2669.22
62,3967.35,Salaried,Tier 3,2887.66,2892.43
53,5634.32,Freelancer,Tier 2,3720.16,3405.21
55,2000.0,Salaried,Tier 1,1253.32,1286.63
49,4658.56,Salaried,Tier 2,3197.33,3213.8
36,3368.48,Freelancer,Tier 2,2253.69,2050.76
51,3422.67,Salaried,Tier 3,1631.75,1793.24
58,4211.52,Freelancer,Tier 1,2857.75,2480.55
50,4978.49,Freelancer,Tier 1,3285.03,3748.97
43,4678.38,Salaried,Tier 2,2966.55,3169.4
25,3403.91,Salaried,Tier 3,1774.3,1744.26
41,6082.54,Student,Tier 1,4538.63,4884.43
53,3646.09,Salaried,Tier 3,1751.83,1803.88
57,3897.94,Business,Tier 2,2657.85,2864.82
25,5426.74,Salaried,Tier 2,3407.83,3472.4
48,5480.55,Salaried,Tier 2,3155.31,2976.19
38,4082.45,Salaried,Tier 1,3328.17,3378.9
33,2000.0,Salaried,Tier 2,1177.06,1101.5
43,3671.76,Salaried,Tier 3,1968.95,1827.51
38,5242.83,Freelancer,Tier 1,2746.11,2939.3
31,6032.91,Student,Tier 2,2472.56,2693.84
22,4881.06,Business,Tier 1,2325.65,2366.82
43,4281.52,Salaried,Tier 1,2786.32,2951.15
47,8439.82,Business,Tier 2,4961.84,4632.74
39,4441.27,Business,Tier 1,3157.62,3255.01
35,5918.35,Student,Tier 2,3507.3,3670.72
50,2997.42,Salaried,Tier 2,1738.74,1579.33
33,3364.75,Freelancer,Tier 3,1918.33,1486.45
57,5970.99,Salaried,Tier 1,3310.68,3497.13
56,6566.84,Salaried,Tier 1,4372.32,4319.81
33,4415.42,Student,Tier 1,3326.06,3263.25
28,2227.05,Salaried,Tier 3,1414.9,1533.86
50,4748.66,Salaried,Tier 2,2570.42,2823.33
32,5284.11,Business,Tier 1,2921.1,3075.56
54,5148.23,Salaried,Tier 3,3333.3,3528.37
27,4154.92,Business,Tier 3,2373.19,2234.75
36,4770.67,Freelancer,Tier 3,2383.54,2298.15
53,3875.33,Salaried,Tier 1,3148.4,3451.08
32,3332.24,Salaried,Tier 1,2070.91,2151.71
44,6133.5,Freelancer,Tier 2,3542.85,3560.11
47,5146.7,Salaried,Tier 2,3739.17,3579.28
55,4773.97,Student,Tier 1,2682.68,2890.04
55,4239.28,Business,Tier 1,1946.84,1769.46
50,4729.74,Salaried,Tier 3,3407.94,3254.31
25,5240.47,Salaried,Tier 1,3129.05,2928.88
38,7593.02,Student,Tier 2,4255.64,4435.3
56,5981.81,Salaried,Tier 2,4217.65,4399.3
34,4000.54,Salaried,Tier 2,2371.75,2388.22
62,4016.35,Business,Tier 2,2448.82,2206.52
60,3782.48,Business,Tier 2,1870.03,2009.82
36,4699.22,Freelancer,Tier 1,2983.41,3219.27
50,3781.32,Salaried,Tier 2,2051.97,1929.8
50,5712.24,Freelancer,Tier 1,3582.11,3802.77
32,2000.0,Freelancer,Tier 2,1175.57,1214.77
53,5802.75,Business,Tier 2,2616.37,2525.83
23,5413.07,Student,Tier 2,4330.54,4057.76
35,6894.11,Salaried,Tier 1,3997.57,4379.37
41,6315.18,Freelancer,Tier 1,4037.18,3965.44
43,3974.45,Student,Tier 2,2402.02,2294.39
32,6146.45,Salaried,Tier 1,2919.53,3060.85
48,4747.9,Salaried,Tier 3,3412.74,3492.84
24,2098.54,Business,Tier 3,1181.81,1225.42
38,5238.25,Salaried,Tier 1,2993.06,3117.63
49,4063.62,Salaried,Tier 1,2390.02,2479.0
50,5000.33,Salaried,Tier 2,3699.44,3582.71
42,7477.17,Salaried,Tier 3,4007.59,3856.5
37,5337.18,Salaried,Tier 2,3883.74,3828.17
58,3474.0,Salaried,Tier 1,2082.86,2211.03
41,6446.62,Student,Tier 2,4305.04,4682.39
27,5543.81,Freelancer,Tier 1,2670.84,2912.69
40,3297.26,Freelancer,Tier 1,2241.8,2519.27
26,2590.64,Salaried,Tier 1,1508.39,1640.61
24,3533.99,Freelancer,Tier 2,1929.59,1927.04
22,6254.45,Freelancer,Tier 1,4313.4,3995.92
59,4547.6,Freelancer,Tier 2,2853.28,3347.46
36,5121.71,Salaried,Tier 3,2795.31,2824.09
55,2992.21,Salaried,Tier 2,1922.46,1865.82
56,6294.83,Business,Tier 2,3795.27,4122.35
46,2000.0,Freelancer,Tier 1,1202.7,829.52
45,4016.93,Freelancer,Tier 2,2459.13,2633.03
33,5627.7,Salaried,Tier 1,3505.89,3764.22
39,3316.05,Salaried,Tier 2,1678.0,1737.91
36,5921.19,Freelancer,Tier 1,2987.78,2519.37
37,3696.21,Salaried,Tier 1,2294.28,2496.83
48,3160.89,Freelancer,Tier 1,1628.33,1119.15
29,6929.72,Student,Tier 1,4162.63,4011.06
46,5230.9,Freelancer,Tier 2,3115.13,3212.97
38,5778.55,Salaried,Tier 2,3433.8,3564.73
50,6527.31,Salaried,Tier 1,4216.57,3827.33
29,2000.0,Freelancer,Tier 2,1312.39,996.05
36,5952.17,Business,Tier 2,2545.63,2626.63
48,3858.46,Salaried,Tier 2,2339.92,2234.63
28,4056.09,Salaried,Tier 3,3254.98,3358.06
24,5656.16,Salaried,Tier 1,3694.48,3721.77
50,4455.44,Freelancer,Tier 1,2234.61,1914.84
45,5891.78,Freelancer,Tier 2,4135.09,3923.7
24,4938.74,Student,Tier 3,2919.8,2949.64
41,5252.31,Salaried,Tier 2,3386.11,3103.15
36,4264.67,Freelancer,Tier 3,2187.83,1788.45
46,3402.6,Salaried,Tier 2,2236.39,2052.35
51,3889.52,Salaried,Tier 2,2337.17,2303.86
35,4845.76,Business,Tier 2,3204.32,3162.38
28,7755.86,Salaried,Tier 2,4199.66,4246.87
38,7207.86,Salaried,Tier 2,5436.85,4936.12
41,4020.06,Freelancer,Tier 2,2235.44,2047.39
57,5090.39,Salaried,Tier 2,2308.79,2170.04
30,4568.42,Salaried,Tier 2,2240.29,2284.63
59,5195.4,Salaried,Tier 1,2918.5,2780.53
43,5388.37,Salaried,Tier 2,3499.87,3250.82
23,5791.27,Student,Tier 2,3728.28,3369.14
45,2000.0,Salaried,Tier 3,1074.21,1147.37
29,5549.75,Business,Tier 2,2789.87,3052.98
32,4401.62,Salaried,Tier 1,2085.44,2170.22
34,3942.59,Salaried,Tier 1,3282.25,3224.95
38,6191.39,Salaried,Tier 2,2683.19,2480.35
29,7200.24,Business,Tier 1,4395.31,4373.42
42,6033.5,Salaried,Tier 3,3612.23,3581.39
39,4222.17,Freelancer,Tier 1,3100.87,3051.37
51,3385.99,Salaried,Tier 3,1835.72,1791.04
39,2000.0,Student,Tier 2,1286.77,1285.94
52,5273.77,Business,Tier 3,3419.28,3127.4
59,5868.52,Freelancer,Tier 1,4184.01,3862.21
53,4847.2,Business,Tier 2,2542.98,2321.21
32,6400.62,Freelancer,Tier 1,3928.9,3266.06
46,3019.71,Business,Tier 1,1987.44,1899.22
54,4743.14,Salaried,Tier 1,3624.44,3384.83
59,4624.55,Salaried,Tier 2,2199.63,2090.49
62,4834.84,Freelancer,Tier 1,2752.88,2603.26
29,6751.9,Salaried,Tier 3,4993.0,4644.23
32,4842.74,Salaried,Tier 1,3416.0,3274.57
43,4557.81,Salaried,Tier 1,3186.84,3121.52
45,3594.96,Salaried,Tier 1,2768.48,2903.73
62,6992.87,Freelancer,Tier 2,3937.34,4674.17
38,2853.21,Salaried,Tier 1,1231.85,1335.07
33,4170.5,Student,Tier 3,2002.63,1992.99
53,7540.91,Student,Tier 2,4324.45,4291.01
36,5702.36,Student,Tier 3,3215.8,2975.06
37,4969.74,Salaried,Tier 1,2206.11,2414.26
43,5032.54,Salaried,Tier 2,2767.03,2910.96
49,3580.43,Student,Tier 2,2429.85,2598.76
41,4897.21,Student,Tier 3,3366.58,3187.59
54,4475.2,Freelancer,Tier 2,3514.3,2947.48
31,5269.44,Salaried,Tier 3,3119.84,2871.9
61,2740.64,Salaried,Tier 1,1584.82,1724.54
53,5596.78,Freelancer,Tier 2,2606.96,2333.02
54,6524.94,Salaried,Tier 1,2866.42,2921.47
23,4694.27,Freelancer,Tier 1,2349.4,1609.68
54,5970.65,Business,Tier 1,3216.45,3411.23
54,5465.52,Freelancer,Tier 3,3490.47,2876.04
62,4088.39,Salaried,Tier 3,2896.64,3075.88
34,3412.21,Salaried,Tier 1,1647.22,1614.86
51,3622.42,Student,Tier 3,2076.02,2108.3
54,5439.34,Freelancer,Tier 2,3406.12,3192.52
34,4915.78,Freelancer,Tier 2,2469.31,2334.75
47,6912.64,Freelancer,Tier 1,3869.25,4153.14
43,6186.31,Freelancer,Tier 2,4216.86,4228.94
60,6183.18,Freelancer,Tier 1,2898.16,3386.2
23,5394.62,Salaried,Tier 1,3329.09,3082.06
59,3556.7,Salaried,Tier 2,2356.47,2196.45
60,5488.01,Salaried,Tier 3,3813.74,3839.43
47,5095.78,Salaried,Tier 2,2674.04,2749.23
36,3292.43,Salaried,Tier 3,2206.5,2231.84
55,6814.92,Salaried,Tier 3,3708.61,3752.68
63,6653.43,Business,Tier 1,4566.05,4787.31
61,3283.78,Salaried,Tier 1,2037.52,2201.5
32,4043.31,Salaried,Tier 2,2469.74,2414.22
24,4175.07,Salaried,Tier 3,2593.77,2612.93
27,5914.78,Freelancer,Tier 3,3302.59,3060.46
30,5742.09,Salaried,Tier 2,2843.07,2822.76
27,5066.61,Salaried,Tier 2,2594.55,2566.09
30,5410.79,Salaried,Tier 2,3468.23,3653.1
60,3068.55,Business,Tier 1,1339.31,1440.37
52,5572.04,Student,Tier 1,3542.4,3710.79
53,4848.67,Student,Tier 2,3615.94,3326.75
62,3981.44,Salaried,Tier 3,2202.82,2187.3
33,2701.24,Freelancer,Tier 3,1375.78,1266.4
29,5040.44,Salaried,Tier 1,2589.0,2494.42
29,5535.44,Salaried,Tier 2,3079.42,3060.18
49,2446.28,Salaried,Tier 3,1581.1,1493.05
41,5027.73,Salaried,Tier 2,3460.9,3471.93
28,5183.36,Freelancer,Tier 1,2702.02,3125.99
32,4168.66,Salaried,Tier 2,3116.45,3350.12
41,5569.76,Salaried,Tier 2,2894.49,2727.46
37,4801.01,Salaried,Tier 2,3795.19,3651.4
25,5424.76,Salaried,Tier 2,3528.13,3461.66
27,5801.37,Business,Tier 3,3192.44,3016.57
43,5802.21,Freelancer,Tier 1,3869.74,3377.8
47,6525.23,Freelancer,Tier 1,4235.29,4646.91
24,5507.49,Salaried,Tier 2,3310.44,3071.19
62,4284.44,Salaried,Tier 1,2617.16,2587.72
63,4028.31,Salaried,Tier 3,2069.23,1991.0
35,3405.04,Student,Tier 1,2462.81,2254.54
32,5226.77,Student,Tier 2,2952.25,2713.78
39,6981.97,Freelancer,Tier 3,3407.25,3032.03
33,4462.32,Salaried,Tier 1,2768.88,2964.0
44,5674.41,Salaried,Tier 3,2753.29,2886.22
33,3871.58,Salaried,Tier 2,2457.29,2476.57
34,5292.21,Business,Tier 1,3279.09,3457.91
46,6889.02,Freelancer,Tier 3,4120.37,3533.88
40,6029.37,Business,Tier 1,3828.31,4042.85
57,2643.78,Freelancer,Tier 2,1808.17,1320.02
29,5856.04,Salaried,Tier 1,2833.6,2975.46
50,5924.34,Salaried,Tier 1,3654.22,3455.25
53,5260.23,Salaried,Tier 3,2633.89,2809.07
39,6001.28,Salaried,Tier 2,4377.75,4437.39
27,3749.75,Salaried,Tier 1,2185.69,1970.33
39,5094.89,Freelancer,Tier 2,3601.01,3783.06
40,6665.26,Freelancer,Tier 2,4488.06,4980.56
43,6529.92,Salaried,Tier 3,5031.25,4585.98
58,5822.07,Salaried,Tier 2,2975.04,2943.69
53,3675.51,Salaried,Tier 3,2831.47,2724.7
62,3439.3,Freelancer,Tier 2,2119.02,2367.73
24,5171.82,Salaried,Tier 2,3112.76,3018.83
49,5271.16,Salaried,Tier 3,2400.53,2246.71
31,4849.44,Business,Tier 1,2626.81,2521.64
56,3792.82,Salaried,Tier 1,2845.45,2626.54
50,5655.44,Salaried,Tier 1,3046.38,2793.11
36,5165.25,Freelancer,Tier 1,2294.39,2122.35
54,5434.74,Business,Tier 1,3181.39,3437.66
28,5890.15,Freelancer,Tier 2,4267.46,4688.88
33,4589.53,Salaried,Tier 2,2754.57,2606.01
51,4266.86,Salaried,Tier 1,3259.77,3407.04
42,6661.35,Freelancer,Tier 1,3445.35,3150.57
52,3863.96,Salaried,Tier 1,2479.11,2256.6
45,4296.24,Freelancer,Tier 2,2840.72,2572.57
41,6851.37,Business,Tier 2,4207.6,4626.66
58,4179.46,Student,Tier 1,2437.95,2539.72
25,4852.07,Salaried,Tier 3,2663.86,2520.82
49,4382.05,Salaried,Tier 2,2349.52,2375.09
41,2325.17,Salaried,Tier 3,1321.63,1218.38
45,4815.04,Freelancer,Tier 1,2524.09,2412.01
53,3484.07,Salaried,Tier 2,2278.53,2377.53
62,5381.87,Salaried,Tier 2,3123.21,2998.96
57,6658.46,Salaried,Tier 3,3895.75,3620.87
55,2000.0,Salaried,Tier 2,1187.15,1070.21
57,4389.62,Salaried,Tier 3,2524.89,2561.5
23,5678.48,Salaried,Tier 2,3254.32,3559.36
36,2000.0,Freelancer,Tier 2,1120.52,587.55
55,7004.4,Salaried,Tier 3,4674.01,4405.36
57,5569.84,Salaried,Tier 2,3477.78,3452.24
27,6624.82,Business,Tier 2,4079.52,4162.81
60,4154.08,Business,Tier 1,2693.59,2855.94
63,4335.02,Salaried,Tier 3,2888.55,2861.21
33,4758.6,Salaried,Tier 2,3073.86,2872.8
24,8207.31,Freelancer,Tier 2,3740.1,3410.81
39,6977.16,Salaried,Tier 1,3032.69,3275.14
61,5198.52,Salaried,Tier 2,3053.81,2892.72
42,5381.6,Salaried,Tier 2,2782.36,2909.25
36,5952.36,Salaried,Tier 2,4648.25,4433.45
54,8587.33,Salaried,Tier 2,4844.89,5058.61
56,5574.08,Business,Tier 1,3910.5,3580.74
47,5068.94,Freelancer,Tier 1,2187.36,2091.04
29,4492.1,Salaried,Tier 2,3359.92,3298.57
57,5352.37,Salaried,Tier 1,3262.42,3272.42
51,4119.47,Freelancer,Tier 2,2542.18,2113.4
44,5744.14,Salaried,Tier 2,2909.29,2952.06
63,2851.11,Salaried,Tier 3,1477.48,1425.88
35,4609.25,Freelancer,Tier 1,3538.95,3858.13
35,6101.95,Business,Tier 1,2407.81,2413.21
23,5553.69,Salaried,Tier 2,3488.85,3631.97
58,4306.06,Business,Tier 2,2920.1,2879.79
26,4651.96,Salaried,Tier 1,2724.78,2929.96
59,6553.0,Salaried,Tier 3,4086.09,3989.76
62,3184.4,Salaried,Tier 2,1783.5,1715.06
35,3193.11,Freelancer,Tier 1,1903.29,2121.84
60,3605.55,Business,Tier 1,2442.51,2446.99
46,4983.98,Freelancer,Tier 3,3604.5,3068.94
41,2964.89,Salaried,Tier 1,1947.94,2063.31
23,6429.5,Salaried,Tier 1,4528.84,4609.09
60,3613.56,Salaried,Tier 1,2221.11,2392.26
27,5336.53,Salaried,Tier 2,3365.84,3446.01
38,4131.39,Salaried,Tier 3,2595.08,2346.84
46,4901.75,Student,Tier 1,3604.18,3871.17
49,2594.98,Freelancer,Tier 1,1713.78,1653.77
23,6501.97,Salaried,Tier 1,4065.28,3698.47
56,3557.75,Salaried,Tier 2,1732.4,1602.57
58,3400.67,Salaried,Tier 1,2013.83,2036.53
26,8568.51,Freelancer,Tier 3,5785.05,5535.43
22,5831.46,Business,Tier 1,4114.78,4041.68
61,6443.62,Freelancer,Tier 1,3671.5,3527.03
33,5688.34,Salaried,Tier 1,3073.4,2872.26
57,4321.28,Salaried,Tier 3,2746.4,2584.96
44,3039.73,Student,Tier 2,1640.04,1697.88
52,4551.77,Student,Tier 3,2849.13,2589.28
32,3532.76,Salaried,Tier 1,2438.43,2594.83
31,3622.83,Salaried,Tier 1,2118.23,1990.72
24,2625.22,Salaried,Tier 2,1485.21,1494.58
35,5171.71,Business,Tier 2,3425.77,3253.63
37,7360.12,Freelancer,Tier 2,4116.21,4487.62
31,5837.21,Freelancer,Tier 1,3999.8,3640.1
50,4841.31,Salaried,Tier 1,3101.71,3378.65
31,4939.14,Salaried,Tier 1,3040.77,3007.69
33,2000.0,Salaried,Tier 2,1378.4,1481.75
51,4364.25,Student,Tier 2,2043.5,2074.49
62,2859.99,Salaried,Tier 3,1731.73,1875.28
22,5201.62,Freelancer,Tier 1,2821.55,2806.39
26,4610.04,Salaried,Tier 3,3275.18,3307.78
41,3696.04,Student,Tier 2,1612.82,1577.35
29,5167.85,Business,Tier 1,2957.24,2700.49
64,5154.92,Salaried,Tier 3,2917.8,2961.14
33,7277.94,Business,Tier 2,5121.16,5422.52
22,6029.63,Salaried,Tier 2,4282.78,4330.93
41,5325.46,Salaried,Tier 2,2396.76,2290.99
49,3578.73,Salaried,Tier 1,2169.32,2066.85
64,3389.84,Student,Tier 2,1909.13,1809.03
58,5898.27,Student,Tier 3,3757.5,4117.94
58,4699.9,Salaried,Tier 1,3813.65,3736.78
33,5374.05,Freelancer,Tier 2,3665.21,3315.52
58,6467.0,Freelancer,Tier 2,4411.63,3979.22
49,2730.29,Business,Tier 1,1994.75,1841.48
36,7095.55,Salaried,Tier 1,5230.14,4912.17
27,6454.07,Salaried,Tier 1,4128.3,4135.65
41,2000.0,Freelancer,Tier 2,1114.61,1034.56
35,8529.64,Salaried,Tier 3,4829.39,5192.98
23,5482.06,Salaried,Tier 2,3496.34,3752.26
30,4282.19,Freelancer,Tier 1,2613.25,2918.01
58,5778.59,Salaried,Tier 2,4232.21,3915.44
41,3533.79,Student,Tier 3,1976.07,1794.66
47,5819.19,Salaried,Tier 1,3300.14,3039.92
50,3809.76,Student,Tier 3,2076.2,2118.03
22,8030.54,Salaried,Tier 2,4292.83,4341.01
56,5090.15,Salaried,Tier 1,3932.76,4067.42
27,5974.73,Salaried,Tier 1,4076.93,3971.81
58,3820.9,Freelancer,Tier 2,2089.43,2526.34
26,6224.74,Freelancer,Tier 2,3689.34,3308.54
54,4981.13,Salaried,Tier 3,2553.73,2338.73
35,2882.22,Salaried,Tier 2,1414.63,1499.47
33,4641.86,Freelancer,Tier 1,3312.07,3211.69
63,7896.67,Salaried,Tier 1,6044.08,5907.9
41,6288.47,Freelancer,Tier 2,4747.2,5379.25
45,4431.54,Salaried,Tier 1,2520.03,2544.65
64,2196.25,Freelancer,Tier 2,1739.07,1730.16
55,3751.26,Freelancer,Tier 1,2573.04,1627.73
46,2890.29,Student,Tier 1,1526.55,1448.97
50,2232.49,Freelancer,Tier 1,1378.84,2139.23
60,6178.39,Salaried,Tier 1,3280.79,2979.1
52,5093.58,Salaried,Tier 2,2732.86,2916.62
64,7692.66,Freelancer,Tier 1,4554.78,5307.59
44,3503.54,Salaried,Tier 3,1682.75,1542.58
59,4996.58,Business,Tier 2,2987.68,2836.32
41,2908.74,Freelancer,Tier 2,1655.46,1509.82
44,4107.69,Salaried,Tier 2,2554.0,2710.35
37,4666.84,Salaried,Tier 2,3190.05,3091.79
63,4438.02,Salaried,Tier 1,2916.49,2925.38
29,5080.31,Salaried,Tier 3,3028.29,3265.56
42,6457.41,Salaried,Tier 2,3847.44,3758.49
22,6299.63,Salaried,Tier 1,4272.47,3914.9
29,3846.0,Salaried,Tier 2,1919.88,2109.91
50,4954.47,Salaried,Tier 2,2654.34,2484.61
53,6191.14,Salaried,Tier 1,3385.96,3080.4
59,6553.6,Salaried,Tier 3,2918.88,2866.72
26,4008.26,Salaried,Tier 1,2587.58,2391.68
43,6062.25,Freelancer,Tier 2,4199.08,4756.23
55,5496.72,Salaried,Tier 3,3839.59,3748.05
22,3401.02,Salaried,Tier 1,1909.0,2033.39
47,6200.24,Freelancer,Tier 1,4440.5,4391.12
64,5227.31,Student,Tier 1,3713.76,3445.49
31,2387.91,Salaried,Tier 1,991.69,1021.3
51,4559.22,Salaried,Tier 1,3114.46,3369.42
39,5059.79,Salaried,Tier 3,3567.36,3292.34
38,4091.26,Salaried,Tier 3,2467.6,2511.65
47,6842.34,Student,Tier 2,3495.33,3205.18
29,6896.7,Freelancer,Tier 1,4345.91,4943.0
61,4426.26,Freelancer,Tier 3,2094.96,2096.59
33,4261.66,Salaried,Tier 2,2627.4,2695.08
48,4803.15,Freelancer,Tier 1,2404.61,3162.63
29,4699.88,Salaried,Tier 2,3554.56,3238.52
46,4111.25,Salaried,Tier 1,1739.32,1590.77
25,2000.0,Salaried,Tier 3,1034.75,968.46
54,7632.22,Salaried,Tier 2,3540.03,3379.9
22,5000.63,Salaried,Tier 2,3047.56,3205.94
40,4732.53,Business,Tier 2,3126.27,3085.9
52,5487.75,Salaried,Tier 2,3180.2,2911.95
37,4879.91,Salaried,Tier 1,3057.16,3272.78
35,4354.53,Salaried,Tier 2,2418.34,2657.18
26,3491.53,Salaried,Tier 3,2284.37,2263.83
62,2242.08,Freelancer,Tier 1,1673.07,1266.92
47,2968.43,Freelancer,Tier 3,2313.15,1833.32
49,3324.99,Freelancer,Tier 2,1730.37,2465.68
23,5976.38,Salaried,Tier 1,3774.6,3677.82
27,6086.93,Freelancer,Tier 2,2745.92,3105.65
30,3677.3,Business,Tier 3,2395.98,2472.86
54,2000.0,Salaried,Tier 2,1342.52,1418.29
62,5013.68,Salaried,Tier 2,3673.25,3400.2
46,4367.69,Business,Tier 2,3100.72,3049.21
34,4330.61,Salaried,Tier 2,3292.08,3088.99
30,6433.91,Salaried,Tier 1,3085.68,3307.97
34,5207.98,Salaried,Tier 1,2506.71,2332.43
52,3535.43,Salaried,Tier 1,2314.0,2285.71
62,3190.38,Salaried,Tier 1,2132.21,1941.87
32,4606.08,Salaried,Tier 1,2549.26,2617.73
25,3640.38,Freelancer,Tier 2,2322.88,2256.72
55,4891.4,Salaried,Tier 2,2922.96,2921.77
59,6539.21,Business,Tier 1,4171.66,3839.28
25,2930.33,Salaried,Tier 1,1795.34,1800.36
59,5131.67,Student,Tier 1,3381.56,3424.7
40,6372.57,Student,Tier 1,4512.81,4930.55
27,4870.72,Freelancer,Tier 1,2962.08,2463.69
55,6082.37,Student,Tier 2,3583.83,3886.82
39,4569.09,Freelancer,Tier 1,2247.09,2531.5
34,5256.24,Business,Tier 2,3560.0,3353.61
62,5661.18,Salaried,Tier 2,3233.18,3340.23
44,4142.0,Salaried,Tier 1,2851.71,2861.43
40,7986.01,Freelancer,Tier 1,5131.6,4818.17
32,5866.37,Salaried,Tier 1,3090.59,3168.98
22,6954.48,Business,Tier 1,5120.91,5093.52
45,6606.54,Business,Tier 1,3759.07,3901.17
28,5490.93,Salaried,Tier 2,3788.8,3932.08
46,7078.68,Business,Tier 1,3414.42,3395.85
42,5281.87,Salaried,Tier 3,2843.19,2781.09
36,3905.34,Salaried,Tier 1,2103.68,1919.92
22,5022.23,Salaried,Tier 2,2890.13,2886.57
33,3490.75,Salaried,Tier 2,2252.86,2137.11
28,2000.0,Salaried,Tier 1,1190.0,1083.67
36,3721.19,Salaried,Tier 1,2027.11,1958.35
42,5109.32,Salaried,Tier 2,2489.82,2284.39
40,6592.89,Freelancer,Tier 3,3233.24,3267.14
50,3716.72,Freelancer,Tier 1,1980.09,1514.29
46,6515.24,Salaried,Tier 1,4613.27,4883.09
54,3183.98,Salaried,Tier 1,1809.36,1725.27
53,3620.72,Business,Tier 1,1921.46,1872.08
56,7173.73,Business,Tier 3,3383.24,3511.09
59,5071.43,Salaried,Tier 2,3286.11,3610.09
47,4739.57,Salaried,Tier 1,2872.2,3104.37
32,5352.92,Business,Tier 1,2636.2,2647.18
56,3190.4,Freelancer,Tier 1,1464.84,1493.4
29,4503.73,Salaried,Tier 3,2540.38,2556.6
35,5003.99,Salaried,Tier 3,3389.77,3345.57
31,6847.07,Salaried,Tier 1,4060.11,4143.18
23,2494.37,Freelancer,Tier 2,1488.42,1196.85
30,7644.49,Salaried,Tier 3,4618.45,4415.41
24,4813.03,Salaried,Tier 1,3353.88,3491.84
42,3334.17,Salaried,Tier 1,2022.71,2173.19
47,3062.55,Student,Tier 1,1332.83,1276.32
29,5409.72,Freelancer,Tier 1,3050.54,2935.45
23,2979.19,Freelancer,Tier 1,1378.66,909.12
27,4159.81,Freelancer,Tier 3,2563.66,2381.94
49,4625.15,Salaried,Tier 2,2296.75,2352.39
50,6715.51,Student,Tier 1,4083.96,4442.87
47,6527.68,Salaried,Tier 1,3089.69,2998.05
46,4035.51,Business,Tier 2,2629.25,2765.7
33,4680.98,Salaried,Tier 1,2225.97,2143.47
26,2606.92,Salaried,Tier 1,1135.98,1205.01
55,2000.0,Salaried,Tier 1,915.56,963.16
58,3156.42,Freelancer,Tier 2,1999.89,2353.09
36,6684.65,Business,Tier 1,3749.76,4123.02
57,6170.12,Salaried,Tier 1,3776.51,3504.99
36,5575.15,Salaried,Tier 2,3954.58,3866.67
64,2813.56,Student,Tier 1,1366.05,1401.79
44,3932.51,Salaried,Tier 3,2039.94,2076.85
27,3713.27,Business,Tier 2,2151.03,2271.76
64,4751.0,Freelancer,Tier 1,3085.2,2792.69
42,4656.42,Salaried,Tier 1,2854.35,2971.41
44,3497.06,Salaried,Tier 2,1610.63,1687.21
64,5523.83,Salaried,Tier 1,3884.25,3543.29
37,5343.42,Salaried,Tier 2,3152.63,3177.02
36,3906.77,Salaried,Tier 2,2550.08,2420.02
46,5456.42,Salaried,Tier 2,3405.45,3610.89
57,6686.43,Salaried,Tier 3,3160.96,2876.23
32,7142.09,Freelancer,Tier 1,3420.5,3075.36
36,5735.99,Business,Tier 2,3034.18,2794.15
25,5691.9,Salaried,Tier 2,3918.03,3577.34
42,4639.79,Salaried,Tier 3,2790.11,2845.95
34,6544.57,Salaried,Tier 2,3383.44,3632.83
43,3394.47,Salaried,Tier 2,1990.42,1994.79
40,6370.78,Business,Tier 1,3666.5,3454.27
55,4568.59,Salaried,Tier 2,2636.48,2554.11
35,7236.41,Business,Tier 1,4485.58,4360.31
25,5882.31,Salaried,Tier 2,3403.95,3371.03
48,4898.2,Freelancer,Tier 1,3071.22,3255.99
50,4645.27,Salaried,Tier 1,2583.93,2672.38
49,5788.42,Business,Tier 3,4153.96,4020.96
56,5715.69,Student,Tier 1,3060.59,3160.35
29,4402.49,Freelancer,Tier 1,2594.06,2452.1
37,5137.75,Business,Tier 1,2718.85,2473.34
63,6344.59,Salaried,Tier 1,3541.2,3838.43
57,2954.97,Student,Tier 2,1719.94,1609.16
51,6088.82,Salaried,Tier 1,3522.48,3488.33
39,5781.82,Salaried,Tier 1,3670.36,3998.93
23,6779.97,Salaried,Tier 1,3703.69,3516.53
34,3926.52,Student,Tier 1,2088.4,1888.82
25,5008.57,Business,Tier 1,2208.64,2204.25
47,5307.6,Student,Tier 2,3106.39,2934.87
46,6108.19,Business,Tier 1,3266.34,3319.93
51,5643.68,Salaried,Tier 1,2852.73,3033.65
32,3140.67,Student,Tier 3,1991.17,1995.64
28,5436.57,Student,Tier 3,3525.3,3627.56
52,8006.34,Salaried,Tier 1,4377.78,4523.25
31,5917.64,Salaried,Tier 1,2562.7,2726.99
60,7457.07,Freelancer,Tier 2,5161.93,5691.63
34,6564.59,Student,Tier 2,3674.76,4024.72
52,7043.6,Business,Tier 3,3553.12,3522.0
28,5464.95,Business,Tier 1,2716.27,2471.94
63,5782.77,Student,Tier 2,4043.21,3957.52
63,5383.28,Business,Tier 3,3986.49,4257.47
57,5006.51,Freelancer,Tier 2,2883.83,2546.1
41,6113.29,Freelancer,Tier 1,4284.12,4435.26
25,4218.5,Salaried,Tier 1,2273.63,2289.85
28,7828.07,Freelancer,Tier 1,4701.47,4731.75
22,3607.98,Salaried,Tier 1,2059.02,2154.23
63,6217.08,Business,Tier 2,3628.85,3745.36
34,7068.01,Salaried,Tier 1,3528.49,3801.51
43,4735.07,Salaried,Tier 1,3659.41,3958.18
42,3330.53,Salaried,Tier 3,1549.78,1514.11
43,6733.29,Freelancer,Tier 2,4626.06,5078.73
49,5305.09,Salaried,Tier 1,3703.72,3373.86
30,6219.97,Salaried,Tier 1,4673.57,4919.0
47,4835.82,Salaried,Tier 1,2775.62,2684.87
30,7597.89,Salaried,Tier 1,3894.65,3884.83
36,2000.0,Salaried,Tier 3,1145.69,1222.63
31,5564.27,Salaried,Tier 1,3601.57,3700.28
45,7012.62,Salaried,Tier 2,5027.96,4985.22
63,5158.01,Salaried,Tier 1,2188.78,2041.67
29,5453.54,Salaried,Tier 3,3632.27,3951.38
45,4348.98,Salaried,Tier 2,2907.67,2810.25
37,5031.03,Business,Tier 3,2978.92,2741.3
47,2492.22,Salaried,Tier 1,1249.29,1265.32
48,3922.35,Salaried,Tier 3,2575.29,2527.02
58,3819.87,Salaried,Tier 3,1850.86,1884.36
25,6003.69,Salaried,Tier 2,3437.9,3254.68
45,4142.95,Salaried,Tier 1,3107.47,3032.11
40,4186.29,Salaried,Tier 1,2381.8,2606.88
57,4433.11,Freelancer,Tier 1,2430.36,2618.99
60,3877.03,Freelancer,Tier 1,2361.93,3361.08
31,5403.53,Salaried,Tier 2,3110.89,3284.55
46,5566.45,Freelancer,Tier 2,3715.85,3347.59
39,6237.53,Salaried,Tier 2,4334.54,4305.87
40,5979.13,Student,Tier 1,4007.81,4190.48
57,5829.14,Salaried,Tier 1,3658.58,3484.26
31,4506.55,Freelancer,Tier 1,2107.03,1211.48
54,4410.34,Salaried,Tier 2,2479.95,2439.32
26,3693.18,Business,Tier 2,2501.9,2464.45
56,3666.13,Salaried,Tier 1,2352.9,2148.24
55,5291.39,Salaried,Tier 2,3001.89,2894.2
54,3920.88,Freelancer,Tier 2,2444.15,2771.2
42,7202.49,Salaried,Tier 3,4575.69,4347.18
38,4943.75,Freelancer,Tier 1,3164.35,3064.54
43,7252.09,Freelancer,Tier 2,4890.61,4880.93
58,5857.65,Salaried,Tier 1,3736.5,4007.11
36,3834.15,Salaried,Tier 1,2791.21,2876.92
56,4906.93,Salaried,Tier 2,2747.61,2559.91
49,2489.82,Freelancer,Tier 2,1573.75,1595.37
28,5285.64,Salaried,Tier 1,3152.03,3188.27
53,3971.35,Salaried,Tier 1,1989.03,1808.61
32,3329.81,Student,Tier 2,1858.31,1818.73
31,7283.22,Salaried,Tier 1,4393.08,4304.35
30,6545.88,Student,Tier 2,3624.09,3403.99
35,6504.56,Freelancer,Tier 3,3835.25,4019.51
34,6173.17,Salaried,Tier 2,3877.3,3745.43
46,3147.67,Salaried,Tier 2,1700.08,1534.07
23,4399.28,Freelancer,Tier 2,2562.3,2857.34
56,4490.74,Salaried,Tier 3,2625.85,2866.09
28,2435.39,Salaried,Tier 2,1203.83,1153.09
42,4164.5,Salaried,Tier 1,2185.28,2015.7
39,4180.85,Freelancer,Tier 1,3341.33,3300.04
24,5189.0,Freelancer,Tier 3,3209.7,2998.82
63,8798.58,Salaried,Tier 1,5597.41,6035.29
60,4968.66,Salaried,Tier 2,3334.31,3241.54
62,5189.77,Business,Tier 3,3931.72,3919.19
32,4624.68,Student,Tier 2,2951.36,3205.32
60,6106.57,Salaried,Tier 1,3594.05,3564.97
45,3389.12,Salaried,Tier 1,2246.02,2323.32
40,7844.06,Business,Tier 1,4072.69,4239.51
25,4813.76,Business,Tier 1,2729.58,2913.61
47,4407.22,Freelancer,Tier 3,2825.25,3465.29
59,6455.06,Student,Tier 2,4688.82,4534.0
63,3663.62,Freelancer,Tier 2,2444.27,2025.57
53,6078.88,Salaried,Tier 2,4476.59,4098.5
60,7107.76,Freelancer,Tier 1,4580.92,4945.53
57,4637.99,Freelancer,Tier 1,2622.34,2575.07
61,8079.26,Student,Tier 1,5651.62,5142.54
58,5966.44,Salaried,Tier 2,3076.73,3301.5
54,5985.04,Salaried,Tier 2,3725.56,3732.94
57,7048.8,Freelancer,Tier 2,3402.9,4098.79
24,7446.1,Salaried,Tier 2,5419.08,5478.13
30,5392.76,Salaried,Tier 3,3311.47,3188.11
29,6195.36,Business,Tier 1,2925.29,2708.69
54,7094.51,Salaried,Tier 2,3132.42,3093.05
27,3257.28,Freelancer,Tier 1,1659.42,1622.9
62,2405.75,Business,Tier 2,1573.98,1606.24
60,4913.67,Salaried,Tier 1,2830.58,2789.63
25,2369.76,Student,Tier 2,1581.87,1468.46
34,4529.01,Freelancer,Tier 1,2512.35,2446.77
23,5471.56,Salaried,Tier 1,3320.92,3520.78
26,4586.54,Salaried,Tier 3,3130.36,3427.61
48,4787.61,Student,Tier 1,3133.3,3150.44
53,3497.5,Salaried,Tier 1,2442.71,2261.73
42,6182.22,Salaried,Tier 2,3380.56,3590.64
29,3404.8,Salaried,Tier 2,2339.55,2431.16
59,2000.0,Salaried,Tier 2,1229.94,1341.61
29,4688.99,Salaried,Tier 2,2496.6,2514.18
24,6372.53,Student,Tier 1,3754.35,3647.05
24,5119.75,Business,Tier 1,2576.59,2815.1
43,3252.8,Salaried,Tier 2,2268.38,2285.82
27,5152.93,Salaried,Tier 1,3231.05,2918.22
23,5657.46,Freelancer,Tier 3,3264.63,3649.94
44,5135.48,Salaried,Tier 1,2950.42,2656.78
23,4603.12,Business,Tier 2,3132.44,3281.36
59,5729.06,Business,Tier 3,2942.74,2981.55
38,2392.36,Business,Tier 2,1657.05,1527.73
56,3659.07,Salaried,Tier 2,2262.63,2404.28
55,3042.19,Salaried,Tier 2,1649.87,1661.9
44,7022.58,Salaried,Tier 2,3518.64,3247.04
51,6068.05,Salaried,Tier 2,3528.42,3288.49
29,5277.69,Salaried,Tier 1,2952.42,3142.62
43,2824.07,Student,Tier 2,1542.09,1497.52
57,6116.22,Business,Tier 1,3078.9,3276.62
26,7079.81,Student,Tier 1,4290.41,3921.01
34,5857.24,Business,Tier 2,3839.91,3643.2
50,4947.23,Salaried,Tier 1,3359.29,3537.05
52,5947.58,Freelancer,Tier 2,4453.1,5010.64
37,5409.37,Salaried,Tier 3,2593.63,2493.43
63,6389.11,Salaried,Tier 3,3785.91,4116.06
51,6355.53,Salaried,Tier 2,3366.69,3172.14
37,4668.4,Freelancer,Tier 2,2777.52,3559.97
33,4009.04,Freelancer,Tier 1,2354.28,2207.0
38,4400.27,Salaried,Tier 2,2639.44,2439.43
37,5803.78,Salaried,Tier 1,3329.15,3365.85
33,4490.84,Salaried,Tier 1,2507.91,2723.54
29,3874.21,Salaried,Tier 2,2949.05,3019.18
41,4998.57,Salaried,Tier 1,3315.32,3334.42
24,6661.19,Freelancer,Tier 1,3667.61,3958.87
37,5202.66,Business,Tier 2,2670.73,2824.99
51,4585.67,Salaried,Tier 1,3124.33,3382.44
44,5480.65,Freelancer,Tier 1,3774.19,3480.66
49,5126.06,Salaried,Tier 1,2989.64,3124.32
61,2099.54,Student,Tier 2,1030.98,967.57
26,6045.14,Salaried,Tier 2,3184.63,3397.36
41,5611.19,Business,Tier 2,2789.76,2533.49
61,5024.26,Student,Tier 1,2766.11,2908.48
22,6593.54,Business,Tier 2,3291.34,3101.01
51,6819.5,Salaried,Tier 2,4309.22,4298.24
42,6198.15,Freelancer,Tier 1,3569.34,3587.43
41,3724.55,Salaried,Tier 2,2805.37,2950.73
27,3776.43,Salaried,Tier 2,1845.62,1988.87
43,6676.0,Salaried,Tier 2,3044.43,2912.06
39,2184.16,Student,Tier 2,1374.75,1298.95
29,4776.73,Student,Tier 1,3274.0,3598.94
60,5659.74,Salaried,Tier 2,2593.18,2441.51
53,2374.39,Salaried,Tier 2,1569.96,1621.92
54,5351.51,Student,Tier 2,3425.8,3736.01
37,6431.64,Salaried,Tier 2,4206.48,4540.1
33,2771.64,Salaried,Tier 3,1497.83,1480.83
59,7487.26,Salaried,Tier 3,4573.03,4698.86
55,3485.25,Freelancer,Tier 2,2287.42,2416.91
35,5862.1,Salaried,Tier 2,3780.02,3664.09
57,4874.61,Freelancer,Tier 1,3226.69,2601.96
54,5104.27,Salaried,Tier 2,3295.62,3495.6
44,3074.76,Salaried,Tier 2,2409.68,2212.3
23,6890.71,Salaried,Tier 1,3087.72,3155.42
62,5488.83,Salaried,Tier 1,2714.32,2765.55
42,7431.26,Salaried,Tier 1,5174.36,5003.43
23,3113.87,Salaried,Tier 1,1575.49,1460.61
48,4728.15,Business,Tier 1,2914.77,3089.45
30,5314.29,Salaried,Tier 1,3626.52,3598.91
22,5090.57,Freelancer,Tier 2,2761.28,2847.38
32,6000.18,Student,Tier 1,4170.48,3767.19
24,4709.12,Business,Tier 1,3218.78,2944.87
44,8183.04,Student,Tier 3,5005.66,4681.14
47,5059.76,Salaried,Tier 1,2799.35,2583.15
25,2000.0,Salaried,Tier 3,1166.61,1094.68
39,5126.3,Student,Tier 2,3305.14,3428.41
27,6892.2,Business,Tier 1,4678.93,4255.01
56,3615.04,Business,Tier 1,2271.55,2061.6
43,3519.87,Freelancer,Tier 1,2106.12,1796.5
64,3739.42,Freelancer,Tier 1,1918.74,2092.92
36,3385.28,Salaried,Tier 1,1560.22,1571.5
43,4280.9,Freelancer,Tier 1,2710.82,2949.18
58,6363.95,Salaried,Tier 1,4021.33,4162.56
63,7289.5,Salaried,Tier 2,5602.92,5662.99
33,2000.0,Salaried,Tier 1,1405.63,1267.13
63,4432.32,Salaried,Tier 2,3231.39,3450.18
59,5454.05,Salaried,Tier 1,2960.98,2872.26
39,5304.02,Business,Tier 2,2535.93,2484.99
56,7849.91,Business,Tier 1,5775.53,6101.61
51,2000.0,Freelancer,Tier 2,1064.62,1121.74
45,2000.0,Salaried,Tier 1,1184.16,1068.13
63,8093.32,Student,Tier 2,4842.34,5238.28
51,6130.15,Salaried,Tier 1,3331.19,3334.84
35,4142.94,Freelancer,Tier 2,2095.04,1497.17
27,5257.4,Salaried,Tier 1,3780.12,4021.33
24,5364.83,Salaried,Tier 2,3395.44,3073.75
37,4106.72,Salaried,Tier 1,2384.9,2242.89
28,5212.67,Freelancer,Tier 2,3010.02,2829.08
35,5532.22,Salaried,Tier 1,3454.29,3618.6
30,8023.3,Salaried,Tier 1,4783.09,4603.33
36,6445.18,Salaried,Tier 2,3797.78,4005.07
42,7608.98,Salaried,Tier 3,4354.04,3954.76
56,2984.64,Freelancer,Tier 2,2241.76,2476.69
23,4479.2,Salaried,Tier 2,3344.91,3223.3
48,5363.37,Salaried,Tier 2,2646.99,2481.24
23,2118.35,Salaried,Tier 2,882.41,938.31
56,6772.79,Salaried,Tier 1,3020.39,2967.38
39,5963.31,Salaried,Tier 1,3874.79,3930.3
35,4449.26,Freelancer,Tier 3,3052.33,2663.51
41,4725.0,Salaried,Tier 2,3422.84,3622.48
39,6880.8,Salaried,Tier 2,4216.84,4037.1
31,3806.84,Salaried,Tier 2,2426.0,2519.84
46,6941.28,Salaried,Tier 1,4800.65,5050.74
23,4621.94,Salaried,Tier 1,2955.28,2728.97
46,6133.99,Salaried,Tier 2,4282.12,4107.32
54,5130.15,Salaried,Tier 1,3017.71,3152.56
57,8349.79,Salaried,Tier 1,5732.43,5425.37
52,3668.91,Business,Tier 2,2429.31,2598.47
35,4140.08,Freelancer,Tier 3,2522.73,2157.61
22,2740.81,Freelancer,Tier 1,1187.9,1170.75
37,3354.86,Salaried,Tier 2,2085.01,1918.11
24,6069.69,Freelancer,Tier 1,3955.32,3148.78
56,7400.25,Student,Tier 1,4189.36,4001.19
62,6239.72,Freelancer,Tier 3,4030.09,3679.22
27,4991.91,Salaried,Tier 2,2983.39,2800.23
46,3659.58,Salaried,Tier 1,2184.31,2144.53
34,6347.63,Salaried,Tier 2,4379.02,4273.89
55,3577.1,Salaried,Tier 1,2272.11,2135.19
29,2976.57,Salaried,Tier 2,2189.67,2005.94
42,4537.3,Business,Tier 1,2664.46,2567.55
55,2000.0,Freelancer,Tier 2,1074.17,1598.52
25,2927.92,Salaried,Tier 2,1743.48,1747.0
46,7828.99,Salaried,Tier 1,4714.44,5135.73
36,2649.79,Salaried,Tier 3,1710.18,1587.01
25,3217.78,Salaried,Tier 3,1601.36,1507.63
33,5107.75,Salaried,Tier 1,2991.54,2860.09
53,5185.86,Salaried,Tier 3,2636.26,2379.49
53,4648.06,Salaried,Tier 2,2066.73,2250.0
49,2000.0,Student,Tier 2,1543.13,1526.27
34,6272.73,Salaried,Tier 3,3159.27,3147.68
52,4335.42,Salaried,Tier 2,3145.6,2930.35
35,6830.67,Salaried,Tier 2,5012.35,5385.97
41,4032.77,Salaried,Tier 3,2491.75,2587.75
39,6473.74,Salaried,Tier 2,4176.37,4119.04
50,6944.13,Freelancer,Tier 2,4138.95,4747.35
27,4299.59,Salaried,Tier 1,2094.03,2263.84
53,6320.68,Salaried,Tier 2,3969.48,3611.81
50,3007.18,Business,Tier 2,1488.38,1375.07
64,5395.53,Salaried,Tier 2,3914.26,3544.46
23,6833.34,Salaried,Tier 2,4316.4,4386.96
44,5777.74,Salaried,Tier 1,4022.85,3795.92
40,8609.34,Freelancer,Tier 1,5847.73,6423.22
52,5861.54,Salaried,Tier 2,4015.15,3987.78
26,4452.09,Salaried,Tier 2,3140.06,3352.15
40,9261.33,Freelancer,Tier 2,4242.45,4194.27
55,7450.55,Salaried,Tier 2,4964.37,5258.43
31,2595.64,Salaried,Tier 3,1453.18,1415.94
46,3823.75,Salaried,Tier 1,2057.65,2240.94
23,3442.76,Freelancer,Tier 3,2031.68,1891.39
32,5968.44,Business,Tier 1,3092.53,3151.59
52,5856.74,Student,Tier 2,2886.12,2800.89
36,5845.18,Student,Tier 2,2803.92,3049.09
30,2555.14,Freelancer,Tier 1,1588.4,1632.16
44,4042.86,Freelancer,Tier 1,2711.45,3158.9
40,4776.07,Freelancer,Tier 1,2731.85,2385.08
30,2267.12,Salaried,Tier 2,1413.27,1488.79
56,3692.26,Salaried,Tier 1,2176.68,2355.99
42,7034.65,Salaried,Tier 3,4710.16,4677.77
30,2668.89,Salaried,Tier 1,1429.16,1436.63
49,7182.89,Freelancer,Tier 3,3115.18,2782.02
28,6636.72,Salaried,Tier 1,4124.73,3757.38
37,4563.89,Salaried,Tier 1,2768.34,2852.77
37,4026.69,Salaried,Tier 1,3012.73,2783.55
54,6247.74,Business,Tier 3,3915.03,3800.76
25,3818.39,Freelancer,Tier 2,3110.38,3556.19
25,3893.0,Salaried,Tier 1,2473.31,2300.68
60,4964.2,Salaried,Tier 1,3355.43,3467.31
61,2000.0,Salaried,Tier 1,1014.06,948.07
38,2825.04,Salaried,Tier 2,2021.98,2134.54
58,4526.51,Salaried,Tier 1,2618.24,2486.95
60,5713.54,Freelancer,Tier 2,3272.4,3206.89
50,3797.64,Salaried,Tier 2,2133.36,2066.68
57,4703.58,Salaried,Tier 3,1859.36,1730.23
59,2579.81,Salaried,Tier 2,1635.32,1613.82
60,6398.73,Salaried,Tier 1,3762.22,3446.44
58,5330.12,Salaried,Tier 3,3245.55,3198.24
56,5462.82,Salaried,Tier 1,3669.95,3552.45
28,5732.38,Salaried,Tier 2,3577.64,3461.91
48,5117.19,Business,Tier 3,2803.69,2893.79
49,4274.34,Salaried,Tier 1,2030.2,2139.43
43,6694.48,Salaried,Tier 1,4326.83,4202.22
35,5235.32,Salaried,Tier 1,3335.47,3176.71
28,4751.42,Freelancer,Tier 1,3137.56,3260.87
58,4987.02,Salaried,Tier 1,2556.75,2703.87
43,4955.05,Freelancer,Tier 1,2976.97,3318.02
26,4736.35,Student,Tier 1,3203.88,2907.84
23,5669.16,Salaried,Tier 3,3364.56,3351.06
48,3596.21,Freelancer,Tier 2,2204.62,2127.06
42,3705.81,Business,Tier 2,2142.91,2079.96
59,5838.9,Salaried,Tier 2,2550.62,2520.38
36,4782.14,Freelancer,Tier 3,2607.34,1594.93
42,6457.09,Salaried,Tier 3,3271.66,3270.16
31,5613.32,Salaried,Tier 3,2581.28,2406.23
44,4171.06,Freelancer,Tier 3,2625.99,2781.98
60,5862.64,Freelancer,Tier 1,4016.05,4196.06
26,6795.79,Student,Tier 2,4068.51,3774.19
22,5670.47,Salaried,Tier 2,4114.26,4464.91
34,5998.38,Salaried,Tier 2,3233.41,3109.22
42,4742.34,Salaried,Tier 2,3018.52,3063.81
47,6489.56,Salaried,Tier 1,3992.4,3850.14
42,4128.96,Salaried,Tier 1,2328.19,2317.96
39,5507.81,Salaried,Tier 3,3151.28,3405.78
58,8854.26,Salaried,Tier 2,5027.63,4593.82
53,5808.32,Salaried,Tier 1,3250.98,3482.68
57,4368.93,Salaried,Tier 1,2512.31,2541.23
38,4365.06,Student,Tier 2,2187.64,2259.86
56,4892.99,Freelancer,Tier 2,2556.84,2271.66
32,6276.87,Salaried,Tier 2,3973.0,4180.71
42,5218.67,Business,Tier 1,2408.87,2229.54
47,4027.21,Freelancer,Tier 1,2471.59,2221.93
25,4024.55,Business,Tier 1,2196.8,2328.29
55,5228.07,Salaried,Tier 2,3465.6,3460.66
39,5063.59,Salaried,Tier 1,3044.11,3302.36
61,5682.46,Business,Tier 1,3579.55,3342.63
56,6376.23,Salaried,Tier 2,3817.8,4193.21
62,9091.04,Student,Tier 2,5564.5,5805.79
50,2806.95,Business,Tier 1,1667.36,1533.43
50,6030.29,Student,Tier 2,2975.02,2996.79
59,5147.46,Salaried,Tier 3,2621.3,2731.86
63,2233.14,Salaried,Tier 3,1418.52,1450.58
42,6874.3,Salaried,Tier 2,3520.39,3466.85
63,5631.76,Student,Tier 2,3619.81,3437.48
34,6199.71,Salaried,Tier 1,3299.05,3126.33
62,2450.87,Salaried,Tier 2,1475.29,1601.26
38,4669.37,Salaried,Tier 2,3088.49,2924.64
30,3381.2,Salaried,Tier 2,1894.03,2069.19
62,8244.65,Salaried,Tier 2,4994.7,4705.23
22,6716.83,Salaried,Tier 2,5068.86,4951.55
23,3978.55,Business,Tier 3,3117.04,2813.02
50,2695.04,Salaried,Tier 1,1702.79,1840.08
54,5291.08,Business,Tier 1,3088.29,2843.92
31,6638.63,Freelancer,Tier 2,3603.28,3622.46
61,2397.42,Freelancer,Tier 1,1736.09,2316.59
42,3602.34,Freelancer,Tier 2,2244.79,2346.08
49,3341.62,Salaried,Tier 1,1760.08,1880.29
32,6300.42,Salaried,Tier 2,4344.86,4704.71
55,4445.26,Freelancer,Tier 2,3359.31,3899.12
29,4508.1,Salaried,Tier 1,2559.17,2697.62
43,5261.98,Salaried,Tier 1,3571.38,3630.26
29,3682.58,Salaried,Tier 1,1987.33,2011.79
36,2834.47,Freelancer,Tier 1,1846.68,1680.8
38,7054.53,Salaried,Tier 2,4745.15,4956.37
44,7193.73,Salaried,Tier 2,3586.65,3390.59
45,5269.37,Salaried,Tier 1,3479.2,3707.92
40,5378.23,Student,Tier 2,3198.37,3232.79
26,6891.52,Salaried,Tier 1,4441.68,4874.52
53,5234.98,Freelancer,Tier 2,3704.56,3608.53
22,4371.38,Salaried,Tier 1,3071.78,3209.07
44,5059.01,Freelancer,Tier 3,3066.53,3165.73
58,7089.75,Salaried,Tier 2,4057.93,4408.38
29,5079.98,Freelancer,Tier 2,3256.8,3925.2
34,3995.93,Salaried,Tier 2,2818.89,2570.51
29,5220.5,Salaried,Tier 3,3026.54,3053.1
44,5984.33,Freelancer,Tier 3,3091.02,2889.12
64,5804.38,Freelancer,Tier 2,2540.6,3351.46
22,5829.24,Freelancer,Tier 1,3417.81,3882.17
45,3759.98,Business,Tier 3,2676.16,2445.85
56,6155.16,Salaried,Tier 1,4235.16,4294.05
45,5042.7,Student,Tier 3,3094.69,2946.28
38,3932.31,Salaried,Tier 2,2079.14,1872.02
26,6143.23,Freelancer,Tier 3,4328.77,4859.3
41,4319.54,Salaried,Tier 3,2529.59,2520.28
42,2638.55,Salaried,Tier 1,1649.53,1767.37
61,3499.1,Salaried,Tier 2,1552.87,1658.49
52,4727.54,Salaried,Tier 1,2888.88,3069.31
57,5867.45,Salaried,Tier 1,3671.47,3641.38
32,3703.9,Salaried,Tier 2,2845.47,3070.79
36,4639.01,Salaried,Tier 1,3349.82,3260.9
40,3175.09,Salaried,Tier 2,2196.95,2156.7
28,6473.05,Salaried,Tier 3,4797.34,4562.94
49,7576.0,Salaried,Tier 2,4398.94,4353.26
64,7413.92,Salaried,Tier 1,3660.9,4017.1
26,6447.47,Salaried,Tier 3,4516.39,4582.55
26,6293.76,Business,Tier 3,3478.84,3709.2
51,2000.0,Student,Tier 2,1211.09,1153.76
53,5265.76,Salaried,Tier 2,2865.43,3126.72
29,4255.86,Freelancer,Tier 3,2907.46,2756.35
31,6320.7,Freelancer,Tier 1,4120.87,4313.22
59,2000.0,Salaried,Tier 3,999.03,1078.55
53,5289.45,Freelancer,Tier 3,2770.97,2458.58
49,4678.33,Salaried,Tier 3,2993.31,3056.08
38,6677.64,Salaried,Tier 1,4387.56,4637.86
52,7321.98,Salaried,Tier 3,5044.35,4947.31
29,3606.73,Salaried,Tier 2,2096.95,1925.78
61,3674.43,Freelancer,Tier 2,2222.72,1956.73
46,5345.74,Salaried,Tier 3,4060.49,4033.28
30,7600.64,Salaried,Tier 1,5285.27,5035.01
23,5090.22,Salaried,Tier 1,2347.31,2145.84
36,3081.26,Freelancer,Tier 3,2074.92,2191.55
24,4091.2,Business,Tier 3,2685.33,2439.52
57,5304.0,Freelancer,Tier 3,2658.27,2508.88
25,5360.3,Salaried,Tier 1,3139.64,3309.66
35,3943.87,Salaried,Tier 2,2249.57,2169.91
62,4061.31,Salaried,Tier 1,2670.82,2656.01
62,3527.65,Salaried,Tier 2,1886.96,1950.82
46,6711.76,Salaried,Tier 1,3676.85,4014.48
31,3747.84,Salaried,Tier 2,2186.82,2195.63
42,4302.81,Salaried,Tier 2,2062.22,2267.08
57,4260.12,Student,Tier 3,2582.6,2492.27
33,2591.06,Freelancer,Tier 2,1435.49,1526.31
48,3704.88,Salaried,Tier 2,2268.44,2094.05
61,6842.21,Salaried,Tier 1,4469.81,4520.27
23,3186.07,Salaried,Tier 2,1946.43,1960.57
34,3554.54,Freelancer,Tier 2,2709.23,2712.25
53,3001.18,Freelancer,Tier 1,2108.05,2448.17
52,4864.08,Student,Tier 2,3030.0,3324.63
37,7828.22,Salaried,Tier 3,4689.97,4442.63
53,4800.96,Business,Tier 1,2694.34,2607.28
53,5100.14,Salaried,Tier 1,3267.35,3120.09
55,3806.83,Business,Tier 2,2144.57,2015.76
32,4907.57,Freelancer,Tier 3,3053.24,2952.76
31,6843.58,Freelancer,Tier 1,4163.82,3877.51
36,5214.36,Salaried,Tier 3,2328.05,2501.49
38,8197.66,Freelancer,Tier 3,4543.45,4724.88
61,6889.22,Salaried,Tier 1,4146.89,4455.97
39,4870.53,Salaried,Tier 1,2617.02,2857.52
30,4841.32,Salaried,Tier 2,2829.74,2763.61
46,7446.38,Salaried,Tier 3,4974.08,5308.01
61,5205.99,Salaried,Tier 2,2617.3,2382.96
35,7113.38,Salaried,Tier 2,4388.64,4372.03
46,8004.36,Salaried,Tier 1,4202.47,4091.77
43,4693.67,Salaried,Tier 2,2206.58,2076.33
51,5527.93,Salaried,Tier 2,3333.03,3291.96
41,6470.01,Salaried,Tier 1,4124.93,4078.49
42,6151.25,Salaried,Tier 2,3859.73,4097.91
53,6140.74,Salaried,Tier 1,2754.1,2957.31
42,2999.79,Salaried,Tier 2,2021.92,2085.39
56,3727.37,Business,Tier 1,2485.26,2551.56
53,4257.1,Salaried,Tier 1,2376.95,2191.64
51,6821.63,Freelancer,Tier 3,4742.31,4470.64
60,3146.94,Salaried,Tier 1,1936.56,1849.2
33,7284.84,Student,Tier 2,4092.84,3924.84
62,6169.75,Salaried,Tier 1,3333.03,3062.91
39,6731.35,Salaried,Tier 1,3349.76,3440.79
42,3605.7,Salaried,Tier 1,2232.26,2269.68
34,5108.45,Salaried,Tier 1,3028.31,2858.89
42,5448.41,Freelancer,Tier 1,3018.26,2463.75
29,5382.45,Salaried,Tier 3,3549.86,3743.69
61,5443.49,Salaried,Tier 1,3213.78,3402.07
28,4585.21,Business,Tier 1,3067.69,3063.45
44,5202.81,Salaried,Tier 3,3111.46,2893.04
53,6550.35,Salaried,Tier 1,4016.44,3659.46
32,3250.23,Salaried,Tier 2,2182.14,2082.4
43,7320.58,Salaried,Tier 1,4008.3,4193.63
43,6472.85,Student,Tier 1,4083.53,4165.86
64,3552.2,Business,Tier 2,2366.2,2469.42
46,5575.75,Business,Tier 3,4487.31,4461.95
43,6352.25,Student,Tier 1,3059.93,3215.81
49,3147.06,Salaried,Tier 2,1711.41,1704.84
50,5062.97,Salaried,Tier 1,3461.42,3173.44
34,4882.23,Salaried,Tier 1,2619.29,2399.19
39,4031.63,Freelancer,Tier 3,1872.24,1946.66
23,5138.54,Business,Tier 1,3059.53,3138.84
50,4099.57,Salaried,Tier 3,1972.97,1885.82
42,7061.46,Salaried,Tier 1,4569.13,4804.15
36,4060.03,Student,Tier 3,3109.51,2882.97
48,6187.97,Salaried,Tier 2,3402.6,3501.44
52,2516.92,Business,Tier 3,1221.59,1341.18
36,4757.29,Salaried,Tier 1,3053.16,2839.45
44,5018.47,Salaried,Tier 2,2967.14,2754.66
45,4708.56,Salaried,Tier 2,2354.14,2339.0
34,4405.52,Freelancer,Tier 2,3177.71,3638.08
43,3998.73,Salaried,Tier 3,2306.05,2087.69
64,6131.81,Salaried,Tier 2,3613.6,3613.37
58,6499.19,Business,Tier 3,3412.11,3127.66
54,4876.76,Freelancer,Tier 1,3370.03,3047.41
24,3355.04,Freelancer,Tier 2,2199.33,1668.17
40,7690.92,Salaried,Tier 3,3543.53,3712.82
44,3680.3,Business,Tier 1,2484.76,2598.92
50,2810.87,Salaried,Tier 2,1579.21,1441.86
51,2000.0,Salaried,Tier 3,1252.2,1324.01
60,5149.18,Salaried,Tier 2,2649.86,2613.93
46,4673.88,Salaried,Tier 1,2331.48,2319.96
58,6546.43,Business,Tier 1,4845.48,4767.65
29,5916.63,Salaried,Tier 3,3586.48,3842.58
63,5435.3,Salaried,Tier 3,3409.35,3532.07
37,4592.95,Business,Tier 3,3240.62,3240.63
29,6664.97,Freelancer,Tier 2,4094.96,4547.02
22,7801.08,Freelancer,Tier 2,4158.96,4953.0
26,6513.47,Salaried,Tier 1,3592.84,3237.18
24,4304.7,Freelancer,Tier 1,2253.5,1930.76
22,6172.35,Salaried,Tier 1,3753.77,3410.11
25,4396.87,Student,Tier 1,3299.38,3172.15
61,3342.4,Salaried,Tier 3,1629.7,1728.73
56,3651.44,Freelancer,Tier 3,2216.77,1947.97
53,4462.73,Salaried,Tier 2,2163.17,2051.58
63,5155.94,Salaried,Tier 3,3047.05,2755.4
55,8090.87,Salaried,Tier 3,3392.58,3326.32
64,3677.47,Salaried,Tier 2,2054.76,1987.0
46,6985.23,Salaried,Tier 2,3594.99,3722.23
31,4524.11,Freelancer,Tier 1,2495.5,2196.74
42,2000.0,Salaried,Tier 2,1201.24,1176.94
60,4241.41,Freelancer,Tier 1,2317.82,1995.51
48,6765.05,Salaried,Tier 1,3919.43,4176.93
48,5517.0,Salaried,Tier 3,3011.94,2860.37
23,5606.68,Freelancer,Tier 1,3414.39,3441.01
62,6992.76,Freelancer,Tier 1,4975.71,4964.43
34,3445.5,Salaried,Tier 2,2526.83,2434.52
30,3422.37,Salaried,Tier 2,2066.96,2154.78
57,2000.0,Freelancer,Tier 1,957.22,1580.34
43,6315.62,Salaried,Tier 1,4670.22,5105.77
63,5843.73,Salaried,Tier 3,3462.93,3246.06
47,6085.95,Freelancer,Tier 1,3987.21,3872.17
33,3225.48,Salaried,Tier 3,2269.99,2261.34
38,2593.63,Salaried,Tier 2,1548.71,1669.55
35,3020.57,Student,Tier 2,2080.5,2173.1
35,3616.14,Freelancer,Tier 1,2274.91,2035.8
55,7330.94,Salaried,Tier 2,4805.35,4746.36
41,6500.19,Salaried,Tier 3,3661.36,3692.79
32,4312.67,Salaried,Tier 1,2491.41,2592.13
37,5448.88,Business,Tier 1,3268.61,3315.56
52,3982.46,Freelancer,Tier 1,2922.62,2893.08
27,5546.42,Salaried,Tier 2,3946.67,4156.28
40,3292.86,Salaried,Tier 2,1745.17,1702.61
58,6125.38,Salaried,Tier 1,3479.58,3818.62
25,3725.45,Salaried,Tier 1,1659.59,1808.22
25,6208.87,Freelancer,Tier 2,4317.66,4408.99
41,4358.87,Salaried,Tier 3,2601.77,2800.87
31,3814.89,Salaried,Tier 2,1953.62,1911.89
45,7419.5,Salaried,Tier 1,3779.15,3840.72
56,5265.42,Salaried,Tier 1,3668.44,3501.64
47,4516.73,Salaried,Tier 2,2465.76,2655.94
58,6137.27,Salaried,Tier 1,3612.08,3591.15
59,2990.01,Freelancer,Tier 2,1900.61,2370.32
42,6660.3,Student,Tier 2,3296.42,3536.78
61,4790.83,Student,Tier 1,3522.77,3732.22
60,5901.18,Salaried,Tier 2,4083.99,3938.39
42,2678.19,Freelancer,Tier 2,1738.25,1621.85
31,4426.36,Student,Tier 2,1796.59,1675.17
59,5006.87,Salaried,Tier 3,3502.06,3389.36
25,6545.45,Salaried,Tier 2,4322.46,4154.14
41,6020.62,Salaried,Tier 2,4314.13,3915.77
38,4411.28,Salaried,Tier 2,2839.23,2800.65
28,5476.92,Freelancer,Tier 1,2509.82,2772.33
25,6884.85,Salaried,Tier 1,4425.22,4178.2
50,4700.02,Salaried,Tier 3,2460.77,2602.25
35,4536.7,Salaried,Tier 3,2771.2,2768.36
24,2165.44,Salaried,Tier 2,1335.01,1301.09
45,4581.39,Salaried,Tier 2,2613.74,2449.3
58,2390.56,Salaried,Tier 1,1729.28,1855.96
37,4828.5,Salaried,Tier 2,3255.41,3518.25
25,6482.2,Business,Tier 3,3927.87,3942.54
45,2000.0,Business,Tier 3,962.78,1043.9
55,6851.31,Business,Tier 1,4274.21,4244.11
51,4504.67,Freelancer,Tier 1,1731.19,1955.51
39,4959.25,Freelancer,Tier 2,2733.91,3154.06
40,4246.37,Freelancer,Tier 2,2318.06,2126.01
52,2430.14,Freelancer,Tier 1,1193.21,1329.79
40,3825.52,Freelancer,Tier 2,2827.02,2370.08
40,8146.12,Salaried,Tier 1,3767.99,3879.76
43,3355.93,Salaried,Tier 2,1980.51,1983.67
45,2617.19,Freelancer,Tier 2,1298.31,1347.32
33,5211.94,Salaried,Tier 3,3336.14,3148.43
51,4871.34,Salaried,Tier 3,3374.01,3091.29
59,4515.01,Salaried,Tier 2,2953.58,3120.39
52,5021.67,Salaried,Tier 2,3714.41,3951.39
57,5966.3,Student,Tier 2,3938.09,3970.73
40,4119.25,Salaried,Tier 3,2486.06,2315.56
57,5291.62,Salaried,Tier 1,3253.47,3099.6
51,6535.81,Salaried,Tier 3,3613.43,3942.36
54,3507.07,Business,Tier 1,2367.61,2237.84
39,2000.0,Salaried,Tier 1,1326.52,1208.94
49,6006.21,Freelancer,Tier 2,3727.32,3436.56
32,8754.44,Business,Tier 2,4258.15,4055.39
54,4988.97,Salaried,Tier 1,2926.79,3194.55
38,5302.9,Salaried,Tier 2,3052.56,3098.21
27,4556.29,Salaried,Tier 3,2912.81,3184.18
25,7382.09,Freelancer,Tier 1,5190.14,5309.77
41,4883.36,Freelancer,Tier 2,3576.43,3899.17
48,4720.15,Salaried,Tier 1,2988.26,3185.71
36,6366.3,Salaried,Tier 2,3338.99,3409.04
27,4273.59,Salaried,Tier 2,3085.39,2783.72
35,3072.96,Freelancer,Tier 1,1915.34,1260.47
32,6323.45,Salaried,Tier 3,3788.24,3575.36
60,4112.68,Salaried,Tier 2,2220.67,2191.5
30,3536.81,Salaried,Tier 3,1714.07,1703.97
47,8150.07,Freelancer,Tier 2,4891.69,4384.27
37,4732.1,Freelancer,Tier 3,3422.25,3238.34
26,5741.34,Salaried,Tier 1,2924.46,2712.85
31,5044.29,Freelancer,Tier 1,3705.43,3270.92
24,3670.52,Salaried,Tier 2,1613.62,1696.19
34,6034.15,Student,Tier 3,3089.6,3274.29
64,5471.87,Salaried,Tier 1,3165.23,3023.62
51,4010.93,Freelancer,Tier 3,2564.69,2481.44
27,5649.79,Salaried,Tier 1,2412.1,2188.91
38,4228.53,Salaried,Tier 1,2181.35,2169.26
40,3343.26,Freelancer,Tier 1,2073.31,1250.15
63,3191.5,Salaried,Tier 2,2143.44,2287.44
56,5405.09,Salaried,Tier 3,3221.78,3338.97
47,4425.9,Salaried,Tier 1,2639.76,2451.96
26,7252.56,Salaried,Tier 2,4155.33,4560.19
50,4935.56,Salaried,Tier 1,2907.99,3065.39
58,3822.2,Salaried,Tier 2,1958.46,2044.73
41,5236.73,Freelancer,Tier 1,3080.42,2668.1
42,3058.6,Freelancer,Tier 2,1761.23,1724.52
31,4873.8,Salaried,Tier 2,3163.37,3146.87
26,5478.75,Salaried,Tier 2,4283.01,4109.68
57,5293.51,Business,Tier 1,2873.34,2962.31
27,6954.2,Salaried,Tier 1,4752.22,4478.25
47,8896.28,Salaried,Tier 2,3990.29,4315.55
25,6007.1,Freelancer,Tier 3,2975.55,3429.53
60,6768.19,Freelancer,Tier 3,4061.44,4276.98
60,8815.19,Salaried,Tier 3,4224.31,3962.96
56,3490.66,Salaried,Tier 3,2637.72,2635.88
22,5195.94,Salaried,Tier 2,2771.28,2576.81
45,4283.01,Student,Tier 1,3115.83,2972.41
57,6263.99,Salaried,Tier 1,4154.08,4139.74
27,5407.43,Student,Tier 2,3202.28,2895.59
62,3772.35,Salaried,Tier 2,2021.95,2129.41
52,5016.42,Salaried,Tier 3,3034.55,2850.61
41,6570.38,Salaried,Tier 1,3381.91,3629.88
45,3044.41,Freelancer,Tier 2,1298.67,548.2
46,3803.98,Salaried,Tier 2,2460.94,2476.76
57,3579.09,Salaried,Tier 2,1783.6,1882.29
42,5489.59,Business,Tier 1,3887.84,3684.08
51,6860.77,Student,Tier 2,3295.79,3432.6
45,2000.0,Salaried,Tier 1,1497.15,1563.28
63,5141.6,Salaried,Tier 3,2868.22,2947.29
51,3613.67,Freelancer,Tier 3,2379.44,2575.63
43,6508.1,Freelancer,Tier 1,4754.07,4866.13
49,4644.55,Salaried,Tier 1,2794.54,2866.33
28,5196.01,Student,Tier 2,3358.82,3419.54
56,4997.99,Salaried,Tier 2,2729.25,2903.47
49,6686.33,Freelancer,Tier 1,3900.52,3681.32
35,8072.95,Salaried,Tier 3,3928.17,3718.01
31,3298.0,Salaried,Tier 2,1912.89,1869.45
37,3571.17,Salaried,Tier 1,1985.6,1816.08
37,5482.25,Freelancer,Tier 2,3037.97,2938.64
52,3775.4,Student,Tier 1,2461.08,2414.94
63,6400.38,Salaried,Tier 1,3161.32,3158.2
46,6641.18,Salaried,Tier 2,3756.14,3571.35
34,4180.14,Salaried,Tier 1,2038.5,2204.37
27,3854.69,Business,Tier 2,2105.87,2015.35
30,4587.83,Student,Tier 3,2022.7,2164.92
57,5156.03,Freelancer,Tier 3,3188.52,2983.16
64,5472.26,Salaried,Tier 1,3755.95,3919.83
41,2000.0,Student,Tier 1,971.03,895.47
39,3548.82,Salaried,Tier 2,2130.2,2149.22
64,4393.85,Salaried,Tier 2,1918.33,2095.13
42,3804.52,Salaried,Tier 3,2825.25,2919.19
25,2000.0,Salaried,Tier 2,1252.75,1333.0
54,2167.44,Business,Tier 1,1102.08,1049.41
48,3041.96,Freelancer,Tier 2,1767.11,1545.83
28,4827.07,Salaried,Tier 3,2737.27,2655.84
27,4345.7,Salaried,Tier 3,2492.69,2485.25
36,4052.65,Salaried,Tier 1,2245.33,2105.2
39,6194.77,Salaried,Tier 2,3086.38,3077.56
53,6194.2,Salaried,Tier 1,3623.17,3634.55
32,5224.88,Salaried,Tier 2,3034.98,3109.23
41,5180.18,Freelancer,Tier 1,3101.79,3362.14
45,3715.01,Business,Tier 3,1767.34,1698.36
36,3894.51,Student,Tier 2,1764.55,1935.4
28,2438.53,Student,Tier 3,1470.72,1573.0
42,4623.87,Freelancer,Tier 3,2845.69,2445.45
63,6178.61,Salaried,Tier 1,3653.49,3453.77
47,7031.49,Business,Tier 2,4835.86,4421.42
35,4632.83,Salaried,Tier 3,2697.96,2554.62
58,5737.5,Freelancer,Tier 2,4215.2,4654.41
42,2000.0,Salaried,Tier 2,1009.41,967.42
39,4350.61,Business,Tier 2,2514.61,2332.54
26,4315.46,Salaried,Tier 2,2244.0,2029.77
24,7236.75,Salaried,Tier 1,4813.69,4618.91
44,5589.4,Salaried,Tier 2,2862.27,2699.78
47,5741.38,Salaried,Tier 1,4014.25,3694.88
58,5663.49,Student,Tier 1,2722.79,2968.43
45,5068.16,Salaried,Tier 1,2773.5,2644.6
40,7298.55,Salaried,Tier 1,3982.09,3588.8
46,2000.0,Student,Tier 2,948.63,1032.92
42,5219.32,Freelancer,Tier 1,3432.0,3556.76
33,6694.7,Salaried,Tier 1,4469.22,4096.32
62,2162.91,Salaried,Tier 2,1169.55,1059.94
54,6256.88,Salaried,Tier 2,5073.88,4675.94
25,3858.26,Business,Tier 2,2201.7,2241.99
63,5164.72,Freelancer,Tier 3,2836.28,2351.39
28,3829.46,Student,Tier 1,2689.59,2726.25
43,6438.73,Salaried,Tier 1,4844.41,4992.2
54,4567.46,Salaried,Tier 1,2464.82,2291.08
38,6268.7,Salaried,Tier 3,2648.86,2642.73
45,5652.99,Freelancer,Tier 2,3510.67,4192.06
55,3809.31,Salaried,Tier 1,1858.07,1983.12
49,5752.79,Salaried,Tier 1,3830.02,4001.11
64,4004.65,Salaried,Tier 2,2881.67,2891.89
62,5096.19,Salaried,Tier 1,2866.05,2805.45
60,4540.11,Freelancer,Tier 2,2854.96,2741.14
43,6349.87,Salaried,Tier 3,3935.4,4143.67
38,5810.48,Salaried,Tier 2,4299.19,4345.88
55,4953.92,Salaried,Tier 3,3085.43,3248.74
27,3971.43,Business,Tier 1,2105.36,2303.21
27,3096.51,Salaried,Tier 2,1907.84,1961.46
55,5203.48,Salaried,Tier 3,3757.5,3834.99
22,4051.56,Salaried,Tier 2,2795.47,2743.01
31,2183.01,Salaried,Tier 2,1459.76,1371.23
42,3004.96,Business,Tier 2,1435.94,1399.82
26,7438.81,Salaried,Tier 3,4315.39,4332.74
23,4010.04,Student,Tier 1,2677.89,2428.76
43,6623.24,Salaried,Tier 1,3815.29,3796.83
23,4465.03,Business,Tier 1,2293.62,2459.75
31,6859.37,Freelancer,Tier 3,4406.02,5171.42
55,6750.75,Salaried,Tier 3,3266.33,3498.59
37,3761.46,Freelancer,Tier 1,1952.21,2037.81
60,2018.04,Salaried,Tier 1,1569.87,1461.55
43,2145.02,Salaried,Tier 3,931.4,911.53
33,3787.01,Salaried,Tier 1,1724.54,1629.83
45,7834.45,Salaried,Tier 1,5272.11,5457.68
61,4384.16,Freelancer,Tier 1,3312.63,3161.33
59,5217.87,Salaried,Tier 1,2907.91,2875.18
31,6955.01,Business,Tier 2,3795.61,3628.88
56,5165.48,Salaried,Tier 2,2741.74,2794.05
53,5113.84,Salaried,Tier 2,2656.51,2814.34
28,5933.99,Student,Tier 3,2576.46,2794.72
42,5433.45,Freelancer,Tier 1,2862.78,2993.86
41,4850.8,Freelancer,Tier 1,2543.66,2405.96
47,3917.83,Freelancer,Tier 3,2787.68,3002.73
25,5117.73,Student,Tier 2,2991.87,3046.9
43,6641.6,Salaried,Tier 1,3677.33,3818.73
36,7673.01,Freelancer,Tier 1,4767.27,5318.18
61,5438.41,Salaried,Tier 1,2829.69,2620.36
42,6132.74,Salaried,Tier 2,3791.12,4130.36
36,5404.6,Salaried,Tier 1,3884.94,3921.77
43,4869.01,Salaried,Tier 2,2755.57,2665.19
49,5771.39,Salaried,Tier 1,2912.62,2818.68
35,6784.0,Business,Tier 3,4023.88,4225.88
48,3670.46,Freelancer,Tier 1,2507.6,2876.66
62,2822.9,Salaried,Tier 2,1584.07,1656.77
61,4200.49,Salaried,Tier 1,2668.62,2536.79
49,5317.49,Salaried,Tier 1,3777.02,3527.88
47,6304.81,Salaried,Tier 2,3887.87,4060.39
23,3515.74,Freelancer,Tier 2,2049.21,1589.57
46,2000.0,Salaried,Tier 2,1048.39,990.19
24,4235.83,Salaried,Tier 2,2940.67,2772.82
29,4709.13,Student,Tier 1,2864.61,2663.18
54,3256.59,Freelancer,Tier 2,2354.45,2477.22
63,3865.86,Freelancer,Tier 1,2494.43,2844.97
56,6300.93,Freelancer,Tier 1,3951.91,4116.97
27,5117.18,Salaried,Tier 2,2968.87,3081.18
60,5518.43,Salaried,Tier 3,3792.32,3977.28
44,4466.48,Business,Tier 2,2578.78,2529.07
46,3868.83,Freelancer,Tier 3,2843.97,3062.72
64,4455.65,Salaried,Tier 3,2779.4,2779.85
40,5748.32,Salaried,Tier 1,3875.34,3617.59
26,2763.02,Freelancer,Tier 3,1335.84,1660.28
32,7475.26,Salaried,Tier 2,4907.22,5087.33
33,5862.29,Salaried,Tier 3,2879.17,2661.02
31,4196.18,Salaried,Tier 2,2271.39,2070.3
29,6220.11,Salaried,Tier 2,4351.82,4301.22
45,6833.52,Salaried,Tier 2,5264.15,5514.75
49,4504.49,Salaried,Tier 1,2755.51,2903.68
62,4675.12,Freelancer,Tier 3,3189.65,3121.89
57,7240.21,Salaried,Tier 1,3481.66,3272.22
58,8178.46,Salaried,Tier 1,5195.64,5700.26
42,5044.15,Salaried,Tier 1,3524.64,3710.19
29,3262.68,Student,Tier 1,2435.96,2268.95
30,4294.1,Salaried,Tier 1,2720.55,2905.94
36,6549.52,Salaried,Tier 1,4189.54,4188.67
61,3454.68,Freelancer,Tier 2,1997.4,2279.13
39,4687.58,Salaried,Tier 2,3224.8,2987.48
63,5438.88,Salaried,Tier 1,3907.17,3855.51
41,3615.93,Salaried,Tier 1,2002.72,2014.94
27,6644.65,Student,Tier 3,4621.2,5034.79
33,6040.95,Business,Tier 1,3394.92,3201.89
23,8014.32,Student,Tier 1,5220.57,5193.53
28,6172.19,Salaried,Tier 1,3348.92,3165.32
37,3558.67,Business,Tier 1,1916.8,1939.19
24,5795.55,Salaried,Tier 2,3521.58,3809.87
24,6482.03,Freelancer,Tier 1,4626.99,4668.45
48,6559.22,Freelancer,Tier 2,4034.74,4851.04
64,3834.74,Salaried,Tier 1,2031.43,2133.06
61,3655.49,Freelancer,Tier 2,2547.48,2678.39
59,3290.54,Salaried,Tier 2,2316.63,2504.57
54,7407.1,Salaried,Tier 1,4436.36,4505.25
49,5934.32,Student,Tier 1,3970.44,4118.39
22,3768.17,Salaried,Tier 1,2527.49,2688.73
29,5190.78,Salaried,Tier 2,3448.63,3541.77
58,4814.47,Salaried,Tier 1,2601.19,2674.65
53,3541.13,Business,Tier 2,2035.72,2129.21
64,5054.28,Salaried,Tier 1,3356.0,3055.46
58,5286.04,Salaried,Tier 1,2682.91,2619.71
25,7896.88,Business,Tier 1,4370.29,4774.93
51,4016.47,Salaried,Tier 1,2666.84,2537.73
27,2435.9,Salaried,Tier 1,1051.89,1060.78
40,3426.57,Freelancer,Tier 1,1850.59,2003.76
53,3661.03,Salaried,Tier 2,2835.75,2735.52
30,4359.61,Business,Tier 1,2505.93,2614.73
33,3430.24,Salaried,Tier 2,2275.3,2340.41
32,6233.18,Student,Tier 2,4698.71,4618.18
37,3325.95,Student,Tier 2,2250.88,2448.09
22,5030.03,Salaried,Tier 3,2843.44,2999.86
42,8000.29,Salaried,Tier 1,5640.65,5378.84
51,5830.35,Student,Tier 1,3414.77,3391.18
34,5676.14,Salaried,Tier 2,3178.26,3418.55
55,7785.97,Salaried,Tier 2,3896.23,3524.11
25,6868.47,Freelancer,Tier 2,4897.79,5228.29
49,5847.69,Freelancer,Tier 1,3131.15,3022.51
59,4533.91,Business,Tier 2,2493.89,2276.33
52,4965.97,Salaried,Tier 3,3120.54,3378.21
48,4893.04,Salaried,Tier 1,2750.63,2924.62
26,4397.86,Business,Tier 3,2970.86,2783.87
46,5318.05,Business,Tier 1,3389.46,3617.88
24,5526.12,Freelancer,Tier 1,3533.67,3295.49
54,3133.06,Student,Tier 1,1865.25,1856.36
25,7448.06,Freelancer,Tier 2,3887.11,4110.5
46,5614.7,Salaried,Tier 2,3493.13,3516.75
41,4605.83,Business,Tier 2,2206.54,2361.34
55,5331.76,Salaried,Tier 2,3630.11,3714.97
47,6395.55,Salaried,Tier 1,4099.09,4043.3
26,2799.97,Salaried,Tier 1,2036.74,2209.93
56,4842.41,Freelancer,Tier 1,3091.74,2519.62
49,3221.22,Student,Tier 3,1614.66,1610.91
50,8985.51,Salaried,Tier 1,6079.31,6274.8
30,5207.28,Salaried,Tier 3,2619.1,2795.13
59,3233.38,Salaried,Tier 1,2161.72,2179.51
27,10399.2,Business,Tier 1,5644.71,6079.94
40,4195.97,Freelancer,Tier 1,2986.65,2905.67
32,4686.38,Salaried,Tier 1,3006.8,2896.82
23,4794.8,Freelancer,Tier 3,2396.29,2615.29
30,3728.07,Salaried,Tier 2,2155.76,2227.84
42,5371.03,Salaried,Tier 3,2498.97,2461.87
45,2000.0,Salaried,Tier 3,1445.48,1554.81
55,6628.85,Business,Tier 2,4963.87,5145.63
43,3308.29,Salaried,Tier 2,2243.41,2305.3
24,4377.02,Freelancer,Tier 2,2218.75,2441.93
33,6127.28,Salaried,Tier 2,4001.64,4192.36
49,4693.31,Salaried,Tier 1,3450.95,3446.1
51,4754.68,Salaried,Tier 2,3710.44,3650.56
47,3481.88,Salaried,Tier 2,1970.85,2132.18
42,8143.47,Salaried,Tier 1,4416.44,4414.01
49,5797.22,Freelancer,Tier 2,3870.69,3950.7
47,3375.82,Salaried,Tier 3,2222.17,2231.77
54,5267.27,Freelancer,Tier 2,2661.98,2722.96
42,3269.8,Salaried,Tier 2,1850.35,1932.99
56,7583.62,Salaried,Tier 1,5296.91,4901.74
55,5299.46,Salaried,Tier 2,2818.28,2599.43
62,3536.68,Student,Tier 1,1652.97,1800.53
39,6046.39,Salaried,Tier 3,4408.91,4649.25
32,4582.89,Salaried,Tier 3,2268.97,2230.05
44,3067.66,Student,Tier 3,1780.74,1687.99
43,5571.57,Salaried,Tier 1,3762.93,4021.43
38,5529.26,Business,Tier 1,3119.16,3411.48
26,6706.6,Salaried,Tier 3,3942.73,3949.31
32,5096.76,Freelancer,Tier 3,4038.08,3655.07
51,5160.59,Salaried,Tier 3,3193.84,3029.71
36,5240.2,Student,Tier 2,2908.93,2960.86
48,7392.92,Salaried,Tier 2,3006.45,2946.69
56,4534.89,Salaried,Tier 1,2950.77,3154.72
54,5704.18,Salaried,Tier 3,3044.03,2969.21
41,5925.12,Salaried,Tier 2,2683.91,2763.77
37,5524.66,Freelancer,Tier 1,3406.42,3816.07
55,4478.14,Salaried,Tier 1,2647.89,2431.12
23,5180.91,Salaried,Tier 2,3770.88,3424.22
56,4859.51,Salaried,Tier 2,2934.41,2884.91
61,7938.82,Salaried,Tier 1,4160.67,3880.69
49,4313.35,Salaried,Tier 1,2144.62,2356.29
60,3631.13,Salaried,Tier 1,2095.74,2220.8
27,4990.7,Freelancer,Tier 1,3092.93,3561.22
30,4884.95,Student,Tier 3,2639.02,2799.11
41,5295.27,Salaried,Tier 2,3482.23,3316.99
22,4313.83,Freelancer,Tier 2,3078.33,3597.39
29,5165.56,Salaried,Tier 2,2886.05,3172.14
44,5194.41,Salaried,Tier 1,3633.29,3480.59
24,6358.98,Salaried,Tier 2,2749.76,3016.29
25,5139.51,Salaried,Tier 3,3854.48,3716.03
46,5153.71,Salaried,Tier 2,3537.4,3191.95
59,5774.52,Business,Tier 2,3294.33,3206.85
36,6301.48,Student,Tier 2,2803.83,3082.82
42,3524.49,Salaried,Tier 3,2124.81,2182.25
56,3121.52,Salaried,Tier 1,2475.55,2572.33
35,7543.22,Student,Tier 1,5079.19,4813.4
57,6056.11,Salaried,Tier 3,4884.18,4538.3
33,4670.92,Freelancer,Tier 3,3098.85,3696.3
38,5029.55,Salaried,Tier 2,2897.1,2846.92
60,4411.16,Salaried,Tier 1,2880.96,2595.23
30,5316.92,Salaried,Tier 1,2929.65,2809.09
56,3542.24,Business,Tier 2,2147.91,2017.21
34,6260.25,Business,Tier 3,3548.97,3622.62
36,5263.18,Salaried,Tier 1,3415.4,3590.36
39,5317.44,Business,Tier 2,3759.18,3757.3
54,3659.09,Salaried,Tier 3,1798.69,1685.7
27,5786.4,Salaried,Tier 1,3832.34,3493.54
48,3693.54,Freelancer,Tier 2,2990.27,2876.95
44,3961.77,Salaried,Tier 1,1601.71,1699.73
48,5131.43,Salaried,Tier 3,3087.36,3037.67
55,8761.0,Salaried,Tier 3,4757.97,4522.21
59,5257.2,Student,Tier 1,2198.19,1987.48
35,2000.0,Business,Tier 3,1572.68,1571.44
57,4036.25,Business,Tier 3,1957.14,2029.48
29,6025.59,Salaried,Tier 3,3821.73,3585.04
56,3307.31,Freelancer,Tier 2,1627.18,1674.17
40,6246.65,Salaried,Tier 2,2913.2,2867.02
51,5238.23,Student,Tier 1,3754.23,3907.37
35,6486.99,Salaried,Tier 1,3771.68,4043.7
41,4161.72,Salaried,Tier 2,1932.55,1857.97
46,4044.82,Salaried,Tier 1,2928.39,3165.45
61,5847.48,Business,Tier 2,4205.71,4379.78
45,4988.71,Freelancer,Tier 2,3063.3,3072.49
35,4897.97,Salaried,Tier 3,3001.95,3176.81
47,7353.45,Salaried,Tier 3,3221.54,3218.08
59,5906.21,Business,Tier 1,4082.48,4446.19
44,2015.12,Salaried,Tier 2,1032.46,996.04
43,6198.6,Business,Tier 2,2664.3,2712.9
40,6048.45,Student,Tier 1,3849.88,4201.1
24,6777.37,Salaried,Tier 1,4464.83,4260.48
63,3590.45,Salaried,Tier 3,2142.01,2129.99
40,5487.21,Salaried,Tier 1,2682.62,2818.09
30,5167.45,Salaried,Tier 3,3918.66,4068.43
49,3563.55,Salaried,Tier 3,2471.73,2639.17
41,6420.15,Freelancer,Tier 2,3478.07,4114.62
28,4637.68,Salaried,Tier 3,3117.13,3004.24
35,6729.1,Salaried,Tier 1,4259.63,4289.52
30,3885.71,Freelancer,Tier 3,2412.61,2397.25
40,2809.12,Freelancer,Tier 3,1780.2,1325.14
35,4636.15,Student,Tier 1,2648.29,2677.41
59,5347.87,Salaried,Tier 2,2689.87,2446.91
57,4198.71,Freelancer,Tier 2,2064.6,2084.71
61,2000.0,Student,Tier 1,947.88,865.34
38,5575.47,Salaried,Tier 3,3027.16,3131.67
51,5568.47,Salaried,Tier 2,3103.46,3045.73
30,6030.75,Salaried,Tier 2,3767.28,3762.85
54,4429.26,Business,Tier 1,2439.86,2363.44
46,4347.42,Salaried,Tier 2,2688.68,2556.2
35,7160.48,Student,Tier 3,3569.19,3468.04
32,2636.89,Business,Tier 2,1343.56,1261.17
56,4629.32,Salaried,Tier 2,2438.58,2525.76
62,5213.45,Salaried,Tier 2,3852.57,3545.7
35,5909.03,Salaried,Tier 1,3457.19,3468.88
51,5254.65,Salaried,Tier 2,3718.12,3700.89
62,3617.01,Freelancer,Tier 1,2184.53,1858.61
25,6751.42,Freelancer,Tier 1,4582.1,4064.3
25,5002.86,Salaried,Tier 1,3112.08,3238.65
49,2498.0,Business,Tier 3,1527.99,1549.24
29,5313.76,Salaried,Tier 3,3481.94,3697.46
23,5712.92,Salaried,Tier 1,2783.06,2635.85
62,7941.12,Salaried,Tier 1,5342.21,5653.73
43,5613.13,Salaried,Tier 1,2872.21,2752.7
62,2776.96,Student,Tier 3,1743.15,1608.09
37,2829.65,Freelancer,Tier 2,1181.97,1381.05
50,6888.06,Salaried,Tier 2,4033.98,3808.93
51,3795.8,Salaried,Tier 2,2558.51,2651.86
33,2675.63,Salaried,Tier 2,1612.62,1530.04
56,6500.77,Salaried,Tier 1,3830.49,3910.07
32,4286.4,Freelancer,Tier 1,2422.37,2275.98
42,6420.52,Student,Tier 1,3934.47,3828.42
42,3627.92,Business,Tier 2,1731.16,1866.09
26,7210.72,Salaried,Tier 3,4479.31,4479.64
41,6308.1,Salaried,Tier 1,3905.06,3983.36
58,3915.97,Salaried,Tier 1,2393.37,2244.64
24,2509.41,Salaried,Tier 3,1561.42,1446.35
54,8457.75,Salaried,Tier 1,6684.93,6568.85
30,4684.69,Salaried,Tier 1,2630.15,2817.1
30,3855.9,Salaried,Tier 3,2979.1,2824.74
25,7079.46,Freelancer,Tier 2,3934.31,4609.99
56,6418.64,Freelancer,Tier 2,4646.41,5783.17
38,6774.19,Salaried,Tier 2,3955.27,4298.91
55,4852.24,Freelancer,Tier 2,2807.13,3165.87
45,7821.58,Salaried,Tier 1,4683.03,4929.31
53,3034.07,Salaried,Tier 2,2336.74,2138.12
22,4171.93,Business,Tier 2,2307.45,2478.88
29,5584.82,Salaried,Tier 3,2673.27,2879.45
44,6752.17,Student,Tier 3,2890.21,2923.33
61,5991.74,Salaried,Tier 1,4322.75,3948.77
33,4875.7,Salaried,Tier 2,3133.27,3118.65
33,4287.28,Salaried,Tier 1,1896.4,1786.68
36,6760.27,Freelancer,Tier 1,3110.84,3447.41
62,6146.59,Business,Tier 2,3044.71,3181.19
40,3688.21,Freelancer,Tier 2,2088.82,1919.8
47,3643.6,Freelancer,Tier 2,2423.46,2652.45
50,4181.77,Salaried,Tier 2,2778.89,2765.84
43,3989.36,Salaried,Tier 3,2196.71,2201.45
61,6544.76,Freelancer,Tier 2,4962.35,5101.54
42,5653.6,Salaried,Tier 2,3496.97,3588.72
59,5836.68,Student,Tier 1,3571.81,3748.64
41,5287.5,Salaried,Tier 2,2460.77,2541.74
50,5358.16,Salaried,Tier 3,3630.88,3732.9
25,2627.27,Salaried,Tier 1,1590.84,1722.42
28,6191.28,Business,Tier 2,4182.13,4062.09
49,4154.78,Student,Tier 3,2606.69,2568.99
49,4950.27,Salaried,Tier 2,3063.43,2989.75
25,4290.24,Salaried,Tier 2,2927.25,3082.51
43,5218.81,Salaried,Tier 1,3828.44,4110.54
33,5859.64,Salaried,Tier 2,4152.45,4034.11
24,3486.72,Student,Tier 2,1953.51,1813.77
43,5379.12,Salaried,Tier 1,3425.39,3421.35
23,4326.5,Salaried,Tier 2,2211.64,2425.87
45,6982.19,Salaried,Tier 1,5178.58,4871.68
55,3328.06,Salaried,Tier 2,2485.86,2462.0
48,3496.23,Business,Tier 3,2241.99,2139.48
62,4460.64,Salaried,Tier 2,2968.99,3219.98
22,3611.53,Salaried,Tier 2,1677.71,1694.8
29,4663.43,Student,Tier 2,2310.47,2346.86
44,4208.17,Salaried,Tier 1,2218.97,2000.74
59,5132.62,Freelancer,Tier 3,2660.51,2398.05
27,6512.11,Salaried,Tier 1,3844.7,3695.8
43,5106.92,Salaried,Tier 1,2735.32,2742.66
46,5243.53,Salaried,Tier 2,2709.32,2726.16
39,3414.02,Salaried,Tier 2,2195.85,2236.35
38,4798.91,Salaried,Tier 1,2768.41,2947.54
33,4367.37,Salaried,Tier 1,2274.85,2183.37
27,6022.46,Salaried,Tier 3,3021.14,2873.81
47,3853.15,Salaried,Tier 1,2146.91,2273.92
48,3709.02,Freelancer,Tier 1,2574.32,2818.73
29,5476.14,Student,Tier 1,3424.35,3236.43
40,7970.15,Salaried,Tier 1,4323.13,3891.54
63,4736.08,Salaried,Tier 2,3004.08,3103.77
22,5252.31,Business,Tier 2,2865.32,2668.86
50,6422.03,Freelancer,Tier 2,4456.48,4972.84
56,5764.86,Salaried,Tier 1,3854.15,3934.63
61,5774.72,Salaried,Tier 1,3470.22,3712.9
35,4857.21,Salaried,Tier 1,2456.93,2607.11
56,4886.4,Salaried,Tier 1,2096.89,2121.13
41,3867.28,Student,Tier 1,2666.56,2633.68
34,5729.56,Freelancer,Tier 1,3033.06,2847.09
59,5695.33,Freelancer,Tier 1,4218.89,4496.55
29,6075.75,Salaried,Tier 2,2891.39,2972.61
64,4267.84,Salaried,Tier 1,3142.57,2957.61
41,6245.2,Business,Tier 1,2966.01,3030.88
54,6700.0,Salaried,Tier 1,3830.69,3757.65
47,3179.06,Salaried,Tier 1,1821.81,1661.96
60,4554.69,Salaried,Tier 2,1919.84,1874.25
42,6762.54,Salaried,Tier 1,3933.1,3718.82
63,4025.67,Salaried,Tier 1,2136.2,2280.85
64,5793.14,Salaried,Tier 1,3277.48,3018.56
62,5012.86,Business,Tier 1,3046.12,2961.2
30,5496.32,Freelancer,Tier 2,3317.78,3546.76
45,5058.58,Salaried,Tier 3,3634.7,3923.58
58,6119.26,Freelancer,Tier 1,3664.41,4371.88
62,3467.72,Salaried,Tier 2,1549.44,1582.43
38,3630.02,Salaried,Tier 1,2726.14,2657.25
45,7196.77,Freelancer,Tier 1,4958.59,5417.02
42,8150.54,Salaried,Tier 1,5500.34,5308.62
60,4991.87,Salaried,Tier 3,2923.5,3002.97
62,7572.9,Freelancer,Tier 1,3436.91,3646.67
60,3842.34,Student,Tier 3,1762.63,1717.01
34,4202.62,Salaried,Tier 2,3016.25,2806.64
32,7186.23,Salaried,Tier 1,4031.31,3740.7
40,6206.16,Salaried,Tier 2,2994.47,3181.69
32,7409.64,Salaried,Tier 3,4658.59,4801.4
34,5702.83,Salaried,Tier 3,3459.8,3617.58
22,3481.18,Salaried,Tier 2,2034.33,2029.55
61,5335.37,Freelancer,Tier 1,2381.15,2656.12
40,6803.0,Salaried,Tier 1,4930.91,4646.05
33,4800.9,Salaried,Tier 1,3380.13,3155.92
29,4570.35,Salaried,Tier 2,2776.71,2584.51
29,5725.78,Salaried,Tier 3,3493.86,3837.51
33,4160.74,Student,Tier 2,2118.54,2254.5
54,5443.25,Salaried,Tier 3,3148.75,3228.18
47,5095.25,Business,Tier 1,3165.39,2984.58
60,4264.38,Business,Tier 2,2842.61,2750.31
49,6471.11,Business,Tier 3,4935.43,4788.14
26,5968.98,Salaried,Tier 2,3735.84,3719.16
29,4469.49,Student,Tier 2,2779.05,2735.7
46,4977.56,Salaried,Tier 2,2030.63,2206.95
48,4593.09,Salaried,Tier 2,2267.93,2368.09
44,4042.03,Salaried,Tier 3,2344.23,2147.98
51,2452.6,Salaried,Tier 2,1294.4,1258.15
44,4274.26,Salaried,Tier 1,2707.28,2508.55
41,4063.96,Salaried,Tier 2,2889.41,2761.91
39,5172.34,Salaried,Tier 1,3457.94,3775.3
39,5661.05,Freelancer,Tier 2,3775.37,3976.86
23,3796.72,Salaried,Tier 1,2032.99,1832.88
25,5560.25,Salaried,Tier 3,4215.91,4071.61
51,3565.63,Student,Tier 3,2073.76,2048.34
54,4812.06,Salaried,Tier 1,3529.27,3601.62
57,4096.37,Freelancer,Tier 1,2688.12,2686.95
39,6119.26,Student,Tier 2,4680.81,4278.05
58,5175.16,Salaried,Tier 2,2422.72,2430.25
40,4834.75,Salaried,Tier 1,2676.7,2478.76
49,4062.13,Business,Tier 1,2661.6,2671.82
61,4506.74,Student,Tier 2,2834.69,2690.73
41,7743.59,Freelancer,Tier 2,4132.5,3722.71
54,4248.37,Salaried,Tier 1,2162.98,2071.23
33,5719.11,Student,Tier 2,3457.6,3180.73
36,4831.03,Salaried,Tier 3,2036.07,1948.11
62,5676.24,Salaried,Tier 1,2759.38,2961.88
60,6255.46,Salaried,Tier 2,5002.87,4809.93
23,4469.03,Salaried,Tier 1,2899.22,2881.95
50,6064.66,Freelancer,Tier 1,3439.78,3021.3
62,9134.96,Business,Tier 1,5060.57,4734.96
31,5851.31,Freelancer,Tier 2,3163.73,3437.51
23,7420.37,Salaried,Tier 3,4238.89,4538.13
32,5721.57,Salaried,Tier 2,3247.5,2975.06
34,3602.06,Freelancer,Tier 1,2623.16,2906.32
31,5413.54,Salaried,Tier 1,4026.77,4325.65
35,4504.42,Student,Tier 2,2751.59,2947.41
39,4106.09,Business,Tier 1,2533.94,2381.17
30,4891.12,Freelancer,Tier 1,2474.13,2507.84
60,4767.87,Salaried,Tier 2,2769.2,2833.53
49,3410.11,Freelancer,Tier 3,2326.51,1501.27
24,9062.69,Student,Tier 1,5852.89,5919.43
41,6211.81,Salaried,Tier 2,3851.53,4113.47
27,5366.59,Business,Tier 1,3476.81,3780.37
48,5134.82,Salaried,Tier 2,2776.85,2653.74
23,6803.52,Salaried,Tier 2,4347.85,4164.15
50,8113.36,Freelancer,Tier 3,5343.22,5431.3
59,6027.63,Freelancer,Tier 2,3652.63,3200.63
24,5181.79,Business,Tier 1,3154.29,3110.58
37,7208.97,Salaried,Tier 1,5264.65,5564.18
51,5213.54,Salaried,Tier 1,2795.02,2913.57
61,5652.97,Freelancer,Tier 2,4368.09,5189.08
23,6501.52,Salaried,Tier 3,3953.78,3839.71
38,4420.28,Salaried,Tier 2,2961.18,3003.95
62,2000.0,Salaried,Tier 2,1353.56,1425.72
33,4347.38,Salaried,Tier 1,2703.09,2918.35
56,6159.5,Freelancer,Tier 2,3162.83,3731.72
64,6053.83,Freelancer,Tier 1,3274.84,3378.04
22,7014.01,Salaried,Tier 1,4165.1,4504.02
36,4404.75,Salaried,Tier 2,2359.01,2332.62
47,7371.39,Salaried,Tier 2,3422.15,3697.86
58,5277.6,Salaried,Tier 1,2696.6,2845.98
42,5906.62,Salaried,Tier 2,3632.32,3430.11
52,6355.42,Salaried,Tier 2,3310.27,3594.73
46,2927.5,Freelancer,Tier 1,1696.18,1106.2
44,3492.65,Freelancer,Tier 2,2465.69,2626.51
45,3442.86,Salaried,Tier 1,2489.87,2547.19
59,6608.33,Freelancer,Tier 1,4630.76,5141.35
49,4541.82,Student,Tier 1,2149.57,1981.62
42,8041.37,Salaried,Tier 1,4490.31,4100.32
64,5005.06,Salaried,Tier 2,2616.0,2861.03
39,2792.94,Salaried,Tier 3,1851.47,1791.09
57,3991.37,Salaried,Tier 1,2420.93,2587.67
56,5176.06,Freelancer,Tier 1,3471.01,3205.28
30,5772.78,Business,Tier 1,3338.51,3408.05
59,3522.74,Salaried,Tier 2,2108.03,2186.11
51,5852.72,Freelancer,Tier 1,3957.02,3242.02
55,6253.31,Freelancer,Tier 2,3703.6,3876.52
53,4038.58,Salaried,Tier 2,1952.96,1994.78
24,7953.74,Salaried,Tier 2,5157.39,5536.53
24,4201.01,Business,Tier 3,2377.71,2479.81
49,3500.18,Student,Tier 1,2142.57,2036.64
36,2706.17,Freelancer,Tier 3,1527.29,1428.96
62,6830.96,Student,Tier 1,4261.79,4383.71
44,5034.32,Salaried,Tier 1,2658.79,2659.49
61,4281.07,Salaried,Tier 2,2170.14,2292.26
32,2788.79,Salaried,Tier 2,1842.14,1879.98
53,4416.12,Salaried,Tier 3,2359.0,2458.07
57,8572.17,Business,Tier 1,4965.99,5082.32
54,2000.0,Student,Tier 3,1249.0,1168.77
45,4052.51,Business,Tier 1,2741.61,2765.38
60,7689.18,Salaried,Tier 1,4744.0,4538.2
55,6873.46,Salaried,Tier 1,4675.51,4741.24
49,4144.06,Salaried,Tier 2,1940.87,1795.5
58,5305.39,Salaried,Tier 2,2819.04,2667.92
28,5694.41,Freelancer,Tier 2,4340.91,5124.87
25,5200.76,Salaried,Tier 1,3570.39,3502.75
58,7676.68,Student,Tier 1,3530.74,3653.46
22,5509.63,Business,Tier 1,2839.32,2838.1
22,6703.27,Salaried,Tier 2,3008.86,2913.0
41,5272.4,Salaried,Tier 2,3213.79,3210.69
40,2000.0,Freelancer,Tier 2,1044.01,486.92
50,3211.38,Salaried,Tier 3,2275.64,2176.24
31,3522.68,Freelancer,Tier 1,1810.41,1992.93
39,4626.07,Salaried,Tier 1,2260.68,2126.21
49,8117.62,Salaried,Tier 2,4964.88,4817.12
56,5543.62,Salaried,Tier 2,3061.7,3297.51
64,4841.32,Salaried,Tier 2,3256.56,3442.66
52,6857.84,Business,Tier 3,4391.62,4280.62
48,2822.17,Salaried,Tier 2,1740.6,1612.63
32,4265.46,Business,Tier 1,2896.48,2850.12
59,4044.01,Freelancer,Tier 1,2607.76,2463.73
26,5597.06,Freelancer,Tier 2,3177.6,2593.2
29,6343.75,Salaried,Tier 2,3644.53,3823.36
55,5707.23,Freelancer,Tier 1,3417.95,3166.51
33,5730.97,Salaried,Tier 1,2768.25,2527.22
59,4458.34,Salaried,Tier 2,2989.09,3070.18
22,5481.14,Freelancer,Tier 2,2542.08,2783.96
52,3740.24,Salaried,Tier 1,2373.04,2219.88
25,6011.21,Business,Tier 2,3759.4,3672.84
26,4249.1,Salaried,Tier 1,2288.13,2153.31
51,3317.74,Business,Tier 3,1950.09,2076.67
45,5056.73,Salaried,Tier 1,3739.35,3920.34
24,2130.33,Business,Tier 2,827.67,907.25
32,7211.56,Student,Tier 2,3736.03,3761.49
25,6195.65,Salaried,Tier 1,4359.05,4000.91
47,5505.45,Salaried,Tier 2,3543.64,3449.92
48,2564.47,Freelancer,Tier 1,1496.31,1285.25
64,3949.71,Salaried,Tier 2,2943.09,2882.38
48,5060.84,Salaried,Tier 2,3620.06,3587.97
63,4605.34,Salaried,Tier 1,2713.66,2665.88
27,2467.15,Business,Tier 1,1731.75,1640.1
36,3025.36,Business,Tier 2,1768.1,1617.17
51,4575.36,Freelancer,Tier 1,2541.65,2005.72
63,3075.07,Freelancer,Tier 2,1663.33,1260.44
58,7057.08,Freelancer,Tier 1,4095.07,3714.55
58,5741.81,Salaried,Tier 3,4824.94,4895.13
63,3794.8,Salaried,Tier 2,2785.99,2849.46
58,6753.73,Salaried,Tier 2,3759.3,3811.98
56,6451.56,Student,Tier 1,4923.94,4515.17
44,5433.44,Freelancer,Tier 1,3682.68,3979.3
27,4940.62,Salaried,Tier 1,3066.93,2996.13
25,4552.29,Freelancer,Tier 1,3062.16,3215.37
39,4190.09,Salaried,Tier 2,2424.94,2437.36
30,2994.81,Freelancer,Tier 2,1672.54,1420.22
50,7292.49,Salaried,Tier 1,4142.2,3735.61
34,4219.23,Salaried,Tier 2,1912.09,1989.54
38,5042.3,Freelancer,Tier 1,2732.73,2627.58
53,3634.63,Freelancer,Tier 1,2527.49,2801.85
43,4610.82,Salaried,Tier 3,3556.87,3519.29
25,9276.17,Salaried,Tier 2,4986.63,4560.16
26,3911.0,Freelancer,Tier 2,2652.24,2562.34
58,7172.89,Freelancer,Tier 1,4727.95,4784.27
62,4958.29,Business,Tier 1,3153.27,3342.59
34,6019.91,Salaried,Tier 1,3896.51,3643.12
55,6866.87,Student,Tier 3,3781.97,3975.85
43,5408.4,Freelancer,Tier 2,4278.23,4063.84
44,4472.44,Freelancer,Tier 1,2458.12,2839.45
24,4720.86,Freelancer,Tier 3,2978.16,3824.52
63,4771.36,Salaried,Tier 2,2555.47,2675.17
55,7796.56,Salaried,Tier 2,5524.52,5259.44
53,2773.81,Freelancer,Tier 1,1294.22,1050.04
42,2343.91,Salaried,Tier 1,1549.46,1673.4
42,2443.92,Freelancer,Tier 1,1586.82,1426.11
32,3659.1,Salaried,Tier 1,2274.69,2379.86
60,6050.12,Salaried,Tier 2,3915.36,4093.64
25,6142.13,Salaried,Tier 2,4281.88,4091.21
22,4088.75,Freelancer,Tier 2,2236.82,2893.21
49,4957.26,Salaried,Tier 3,2910.9,2761.56
45,3325.55,Freelancer,Tier 1,2097.1,1661.21
56,3464.67,Salaried,Tier 3,1949.63,2135.78
34,5869.8,Freelancer,Tier 3,3464.14,3512.1
55,6571.53,Salaried,Tier 2,3327.38,3341.76
32,4284.77,Salaried,Tier 1,2142.02,2128.41
57,7452.52,Freelancer,Tier 2,4474.08,4844.47
38,6448.41,Salaried,Tier 1,3976.07,3893.9
56,7387.59,Salaried,Tier 2,5127.97,5130.21
39,4548.59,Student,Tier 1,3327.49,3023.85
61,7281.03,Salaried,Tier 2,4659.97,4387.68
43,8269.31,Salaried,Tier 2,4196.26,4475.72
45,4381.22,Salaried,Tier 1,2976.02,2963.14
40,4768.75,Salaried,Tier 1,3037.99,2874.5
58,3578.42,Salaried,Tier 1,2167.56,2110.73
60,3283.68,Salaried,Tier 2,2052.08,1963.88
42,3301.17,Freelancer,Tier 3,1973.17,2353.16
29,3782.8,Salaried,Tier 1,1953.6,1778.34
49,5412.11,Freelancer,Tier 2,4025.96,3848.03
26,3846.2,Salaried,Tier 1,2385.52,2316.32
38,5366.24,Salaried,Tier 2,3094.83,3359.88
58,5397.27,Salaried,Tier 3,2561.02,2624.16
57,4294.81,Freelancer,Tier 1,2449.02,2814.7
40,4906.04,Freelancer,Tier 3,3124.81,3032.72
48,4208.13,Business,Tier 2,2696.08,2727.27
55,4533.89,Salaried,Tier 1,2895.6,3144.04
32,3786.71,Freelancer,Tier 3,1865.03,1422.19
33,5126.16,Freelancer,Tier 1,2981.83,2382.15
42,4099.18,Salaried,Tier 1,2316.1,2546.38
32,3250.9,Salaried,Tier 2,1559.8,1559.44
60,5890.14,Salaried,Tier 2,3386.45,3264.23
49,5940.94,Freelancer,Tier 2,3255.13,3248.92
26,6667.55,Salaried,Tier 1,4004.86,3815.58
38,3463.4,Freelancer,Tier 3,2059.32,1912.93
41,4278.61,Salaried,Tier 2,2929.85,3158.1
62,5345.74,Salaried,Tier 3,3747.21,3693.9
33,4246.94,Salaried,Tier 1,2955.51,3105.0
27,5856.37,Salaried,Tier 2,2319.21,2537.79
38,5746.9,Salaried,Tier 3,3533.39,3627.09
40,5718.94,Salaried,Tier 1,3818.6,3964.95
47,7189.5,Freelancer,Tier 3,3544.8,3930.72
53,5966.12,Salaried,Tier 1,3461.41,3472.87
27,5230.84,Salaried,Tier 1,2920.43,2815.23
57,4709.7,Salaried,Tier 3,2626.56,2847.92
59,4814.2,Salaried,Tier 3,2831.72,2587.62
32,3403.68,Salaried,Tier 1,1567.27,1477.81
54,2351.43,Salaried,Tier 1,1025.59,993.03
45,5695.63,Salaried,Tier 2,3675.59,3882.97
44,6835.45,Salaried,Tier 3,3128.44,3381.16
36,4504.83,Student,Tier 2,2455.94,2432.26
48,7380.64,Salaried,Tier 2,5311.19,5084.01
32,4735.23,Salaried,Tier 2,2850.77,2767.08
38,2069.34,Salaried,Tier 1,1307.53,1348.47
35,6377.37,Salaried,Tier 3,4681.97,4361.73
48,4281.07,Business,Tier 1,1936.46,1954.83
39,6513.17,Salaried,Tier 2,3917.27,3986.56
49,3083.71,Salaried,Tier 2,1627.65,1695.31
25,5618.07,Freelancer,Tier 2,4136.93,4361.06
28,3799.31,Salaried,Tier 2,1826.97,1679.7
56,5302.11,Student,Tier 3,3013.45,3127.24
30,6149.91,Business,Tier 2,4211.88,3809.01
29,5801.6,Salaried,Tier 2,4417.54,4320.62
38,5104.05,Salaried,Tier 1,2855.45,2808.09
38,2932.31,Salaried,Tier 3,1686.37,1557.07
54,6095.52,Salaried,Tier 1,3833.89,3458.06
53,6547.15,Salaried,Tier 1,4178.41,3820.04
29,3435.5,Salaried,Tier 1,2008.35,1986.78
40,3655.96,Student,Tier 2,2521.52,2390.58
59,6610.34,Salaried,Tier 3,3450.74,3153.27
24,4687.34,Freelancer,Tier 2,2402.23,2810.33
26,3694.83,Freelancer,Tier 1,2083.85,2249.89
34,5408.83,Business,Tier 1,2539.85,2662.85
52,4042.21,Salaried,Tier 2,2589.16,2543.59
37,5241.56,Salaried,Tier 1,3446.21,3524.2
53,4380.19,Freelancer,Tier 1,3297.26,4135.4
43,4508.73,Business,Tier 2,2796.82,3018.5
50,6665.6,Student,Tier 3,4272.76,3998.78
43,2000.0,Freelancer,Tier 2,1184.54,1844.1
64,5832.13,Salaried,Tier 1,4027.11,4133.29
24,6418.18,Salaried,Tier 3,3359.8,3373.06
31,4067.01,Salaried,Tier 2,2360.88,2337.43
63,6406.65,Freelancer,Tier 3,3935.55,4447.82
42,3561.46,Salaried,Tier 1,1922.48,2092.43
37,4010.02,Freelancer,Tier 2,2453.37,2140.0
33,3837.25,Student,Tier 3,2684.12,2651.68
23,6426.94,Freelancer,Tier 1,4733.54,4423.06
62,2382.58,Salaried,Tier 2,1477.58,1481.41
45,7460.22,Salaried,Tier 1,3677.26,4041.72
56,4542.59,Business,Tier 2,3079.23,3193.74
51,5922.37,Salaried,Tier 3,4290.05,3919.52
51,5793.06,Salaried,Tier 2,3424.12,3356.94
56,5226.85,Salaried,Tier 3,3703.0,3873.54
40,4098.97,Salaried,Tier 2,3152.84,3368.72
29,6863.56,Salaried,Tier 3,3918.58,4164.18
47,4227.72,Student,Tier 2,2353.84,2578.51
61,3903.13,Student,Tier 1,2493.66,2488.23
28,6316.57,Student,Tier 2,4115.64,3819.37
51,5218.62,Salaried,Tier 2,2774.45,2858.93
28,7036.73,Student,Tier 3,4904.57,4483.51
24,4906.0,Student,Tier 2,3614.57,3956.88
22,4023.69,Student,Tier 2,2965.81,3119.16
57,5412.12,Freelancer,Tier 3,3819.99,4354.37
46,4328.57,Freelancer,Tier 3,3142.33,2793.21
58,4067.12,Salaried,Tier 2,2702.71,2440.98
22,6247.83,Business,Tier 3,4505.65,4524.83
36,7747.33,Salaried,Tier 2,4707.16,4350.53
58,4630.31,Salaried,Tier 1,2483.01,2572.21
34,3537.89,Student,Tier 1,2179.98,2178.91
61,4769.82,Salaried,Tier 3,2899.84,3046.83
29,5772.2,Salaried,Tier 1,3816.92,3657.42
26,5386.22,Student,Tier 2,3697.2,3940.6
30,6791.35,Student,Tier 3,3410.95,3513.84
22,5997.63,Salaried,Tier 1,2777.95,3048.92
57,3344.89,Business,Tier 3,1694.38,1585.45
56,4260.02,Salaried,Tier 3,2383.88,2169.89
23,2928.75,Salaried,Tier 3,1469.34,1572.51
61,6717.02,Salaried,Tier 1,4138.61,4004.89
44,2012.17,Salaried,Tier 1,1100.14,1085.01
30,3075.0,Salaried,Tier 3,2251.69,2443.39
55,4232.3,Salaried,Tier 1,2320.63,2293.11
35,5845.88,Student,Tier 2,4333.26,4158.21
25,4217.52,Freelancer,Tier 2,2375.09,2574.39
51,4452.16,Business,Tier 1,2294.15,2267.97
52,4481.71,Freelancer,Tier 3,2859.35,2708.39
59,5259.17,Salaried,Tier 2,2998.96,2860.52
32,3169.23,Student,Tier 1,1420.75,1482.63
56,3579.23,Business,Tier 1,2288.02,2278.08
29,7521.39,Salaried,Tier 1,3974.24,4258.88
24,5603.6,Salaried,Tier 1,3331.65,3106.25
35,6141.17,Freelancer,Tier 2,4419.87,4474.81
34,5087.04,Freelancer,Tier 1,3036.46,3213.25
53,4789.58,Business,Tier 1,2606.36,2732.2
55,5685.7,Salaried,Tier 3,3884.26,3811.19
40,6091.42,Salaried,Tier 2,3638.25,3442.11
59,6269.11,Salaried,Tier 1,2831.6,2604.14
37,4810.16,Freelancer,Tier 3,2979.42,3175.63
23,6433.06,Salaried,Tier 1,3078.48,2858.58
61,2000.0,Salaried,Tier 3,1152.82,1230.82
38,6338.43,Salaried,Tier 2,3629.39,3963.83
55,4359.64,Freelancer,Tier 2,2323.38,1930.81
63,5830.07,Salaried,Tier 2,4332.58,4225.18
37,4026.01,Salaried,Tier 2,2760.26,3001.66
59,3009.96,Business,Tier 3,2129.07,2116.6
23,5509.56,Student,Tier 3,3264.55,3287.67
23,2747.7,Salaried,Tier 1,1332.27,1398.22
47,4400.48,Salaried,Tier 2,2719.06,2561.65
34,3781.36,Student,Tier 3,1818.29,1992.54
52,4737.45,Salaried,Tier 2,3005.26,3174.08
55,6195.81,Freelancer,Tier 3,4416.12,4076.65
60,4265.23,Freelancer,Tier 2,2313.69,2230.25
24,5471.87,Salaried,Tier 2,3275.05,3559.95
29,6109.02,Freelancer,Tier 1,4007.14,4133.18
44,4089.12,Freelancer,Tier 1,2430.46,2463.29
35,4110.87,Salaried,Tier 2,2033.28,1887.69
48,7053.99,Salaried,Tier 2,3538.61,3218.6
50,4880.92,Student,Tier 2,2947.43,3226.89
60,5763.71,Salaried,Tier 2,3248.45,3247.05
60,5752.34,Freelancer,Tier 2,3336.09,3107.64
22,3203.02,Business,Tier 3,2158.28,2355.02
38,3858.69,Salaried,Tier 1,2524.59,2526.93
62,5563.02,Freelancer,Tier 2,3189.29,3418.51
51,2000.0,Student,Tier 1,1405.07,1541.11
34,4683.05,Salaried,Tier 2,2753.27,2539.3
42,3702.07,Salaried,Tier 1,2288.08,2510.37
40,6665.76,Student,Tier 1,3689.98,3443.25
40,5519.17,Salaried,Tier 1,3611.35,3591.78
46,6786.87,Salaried,Tier 1,4315.42,4175.27
43,4941.31,Student,Tier 2,3158.37,3446.05
52,4829.17,Business,Tier 3,2886.49,2878.12
38,4542.61,Student,Tier 1,2562.37,2317.92
44,4245.4,Salaried,Tier 2,2277.99,2151.19
53,9026.98,Salaried,Tier 2,5692.25,5613.48
31,6210.75,Salaried,Tier 1,3570.95,3696.93
31,3400.72,Freelancer,Tier 1,2145.87,1951.23
57,8958.96,Freelancer,Tier 1,4511.07,4398.63
29,4392.53,Salaried,Tier 2,3215.54,3426.76
41,5481.73,Salaried,Tier 1,3509.25,3572.77
53,6409.4,Freelancer,Tier 1,2901.49,3145.7
35,2693.07,Salaried,Tier 1,1771.94,1693.33
49,3759.01,Salaried,Tier 2,2705.22,2952.97
45,7472.25,Student,Tier 2,3374.59,3088.99
36,4662.76,Salaried,Tier 1,2600.12,2546.58
43,6498.01,Freelancer,Tier 2,3823.46,3682.9
51,4319.8,Business,Tier 2,2076.63,2261.73
25,4857.41,Salaried,Tier 1,3336.5,3337.52
34,7677.89,Salaried,Tier 1,3920.61,4231.06
44,5656.27,Salaried,Tier 2,2730.49,2514.67
29,4482.73,Business,Tier 2,2448.26,2463.73
39,3974.95,Salaried,Tier 2,2434.73,2345.16
33,4112.19,Freelancer,Tier 2,2434.31,2256.34
52,6862.34,Student,Tier 1,3987.79,3943.92
35,6148.25,Student,Tier 1,3727.97,3709.52
55,3276.99,Salaried,Tier 2,1962.71,1791.87
39,5130.77,Business,Tier 2,2690.67,2657.31
55,4899.78,Student,Tier 1,2877.85,2636.59
32,5474.14,Salaried,Tier 3,2851.73,2737.41
62,4094.64,Salaried,Tier 2,2525.21,2336.77
33,6646.71,Salaried,Tier 1,4173.92,4035.74
36,4997.99,Salaried,Tier 2,3588.67,3393.01
52,5560.15,Business,Tier 1,3488.42,3338.54
50,3822.96,Salaried,Tier 2,3018.05,2805.81
47,3898.53,Business,Tier 2,2084.19,2059.01
39,8986.27,Freelancer,Tier 1,6050.27,6397.84
53,7700.12,Freelancer,Tier 3,3916.84,4614.76
43,4895.48,Freelancer,Tier 2,3406.27,3461.09
59,7299.51,Salaried,Tier 1,4311.08,4077.21
38,6819.11,Business,Tier 1,4523.64,4737.07
44,4062.18,Salaried,Tier 1,2091.83,2007.01
45,3912.6,Salaried,Tier 3,2370.33,2491.88
29,6003.01,Salaried,Tier 1,4142.22,4048.74
62,5390.09,Student,Tier 2,4144.92,4156.25
27,4396.99,Student,Tier 1,3064.77,3067.07
26,6081.84,Salaried,Tier 1,3288.73,3588.42
50,2836.28,Salaried,Tier 2,1694.93,1577.52
49,5172.5,Freelancer,Tier 2,3056.5,3692.23
32,3141.61,Salaried,Tier 2,2386.36,2415.94
22,3191.01,Salaried,Tier 2,2340.17,2571.23
64,3939.85,Freelancer,Tier 2,2519.97,2777.33
40,5544.93,Salaried,Tier 1,4077.58,4205.11
30,3987.14,Salaried,Tier 1,2328.1,2444.31
48,3172.84,Salaried,Tier 1,1839.21,1957.58
55,5715.87,Salaried,Tier 2,3393.51,3378.28
25,7239.12,Salaried,Tier 3,4063.18,4208.31
57,5958.28,Salaried,Tier 1,3350.46,3427.44
39,7702.7,Salaried,Tier 1,5577.75,5474.1
36,7113.77,Salaried,Tier 1,3345.47,3560.11
34,4268.86,Freelancer,Tier 3,2722.25,2436.39
40,5948.24,Student,Tier 3,3251.89,3035.4
27,4862.55,Salaried,Tier 1,3191.18,3342.08
33,6593.15,Business,Tier 2,3479.49,3575.17
58,4862.28,Salaried,Tier 2,3381.12,3257.82
38,3816.96,Salaried,Tier 1,2209.73,2269.45
44,7060.11,Salaried,Tier 2,3607.14,3802.39
47,5476.69,Salaried,Tier 2,3043.23,2870.96
50,4004.71,Freelancer,Tier 1,2261.22,2318.25
54,4251.91,Salaried,Tier 2,2544.82,2710.06
48,3995.12,Salaried,Tier 1,2917.22,2865.43
46,3497.38,Business,Tier 2,1860.84,1887.54
31,4283.73,Salaried,Tier 3,2927.61,2680.83
44,5559.53,Salaried,Tier 2,3014.47,3213.7
42,5096.09,Salaried,Tier 1,3372.79,3572.54
42,4342.67,Salaried,Tier 1,2885.46,2860.21
64,7243.26,Salaried,Tier 2,3063.11,2829.85
34,2000.0,Salaried,Tier 1,1117.88,1153.74
58,5459.2,Salaried,Tier 2,4159.4,4220.11
54,4785.86,Salaried,Tier 1,3030.23,3284.46
45,3544.73,Freelancer,Tier 2,2175.07,1970.34
32,5546.68,Freelancer,Tier 3,4241.02,3812.58
38,4670.38,Student,Tier 3,1965.96,1869.53
25,6870.61,Student,Tier 1,3032.41,2988.68
46,6302.1,Student,Tier 2,3884.89,3617.18
51,7859.2,Freelancer,Tier 1,4773.39,5048.5
30,4275.02,Freelancer,Tier 2,2377.95,1676.52
42,7094.83,Salaried,Tier 1,4858.39,5031.22
41,3251.22,Freelancer,Tier 2,1998.66,2080.01
40,4834.05,Salaried,Tier 2,2845.17,2876.55
40,4302.13,Business,Tier 3,2237.48,2431.1
33,5903.67,Salaried,Tier 2,3728.78,3752.32
58,5867.41,Freelancer,Tier 1,3090.08,2689.89
63,3649.07,Salaried,Tier 3,2283.28,2155.79
38,5987.29,Salaried,Tier 1,3028.75,3266.2
58,4429.27,Salaried,Tier 3,3114.74,3417.94
60,3774.8,Salaried,Tier 2,2830.82,2690.32
49,4982.33,Salaried,Tier 3,3298.65,3445.07
62,2784.73,Salaried,Tier 1,1767.15,1769.18
56,6396.96,Salaried,Tier 1,3559.8,3701.18
39,4916.57,Salaried,Tier 2,3081.51,3367.6
35,4949.38,Business,Tier 3,3083.05,2944.98
56,4869.25,Salaried,Tier 1,2825.99,2961.6
62,7470.28,Salaried,Tier 1,4554.22,4497.7
28,7278.32,Student,Tier 1,4594.83,4735.0
62,7026.14,Salaried,Tier 3,3745.41,3675.48
34,4872.44,Salaried,Tier 2,2646.22,2756.48
39,3326.56,Salaried,Tier 1,2146.12,2076.37
58,4976.03,Business,Tier 1,2420.67,2415.03
34,5471.6,Salaried,Tier 2,3124.41,3254.88
57,6218.92,Salaried,Tier 1,4347.3,3949.7
52,5466.77,Freelancer,Tier 2,3189.26,2930.35
23,3460.26,Salaried,Tier 2,2088.54,2107.83
37,4196.88,Business,Tier 2,2643.44,2418.29
30,4060.8,Salaried,Tier 3,2105.83,2191.4
30,5808.58,Salaried,Tier 2,4500.45,4782.44
59,5845.4,Freelancer,Tier 1,3977.62,3624.51
32,6041.95,Salaried,Tier 2,4433.73,4640.75
43,5451.55,Business,Tier 1,2977.08,3064.13
54,2000.0,Student,Tier 3,1181.4,1160.35
57,2411.21,Salaried,Tier 1,1355.04,1264.25
44,4789.72,Student,Tier 3,3546.59,3869.24
55,5147.12,Salaried,Tier 1,3285.15,3261.5
30,6880.5,Business,Tier 1,5377.56,5037.32
45,5116.69,Salaried,Tier 1,3609.65,3767.15
29,3536.08,Salaried,Tier 3,2231.99,2280.15
28,5993.25,Salaried,Tier 3,4250.59,4519.39
57,4974.12,Salaried,Tier 1,2370.32,2605.5
39,4396.92,Salaried,Tier 1,2359.37,2144.6
24,2578.1,Student,Tier 1,1483.66,1554.67
49,5127.78,Business,Tier 1,3322.3,3647.3
27,5343.23,Salaried,Tier 2,3737.76,3766.34
42,3505.78,Salaried,Tier 2,1512.84,1578.1
49,6116.54,Business,Tier 2,2876.09,2842.22
61,5982.2,Salaried,Tier 2,3522.67,3421.76
22,5073.37,Salaried,Tier 2,2840.28,2951.88
57,5017.58,Salaried,Tier 3,3371.45,3700.57
42,6419.06,Salaried,Tier 1,3232.57,2968.58
64,5551.3,Salaried,Tier 1,3429.65,3376.23
56,3946.62,Freelancer,Tier 2,2097.97,2388.31
34,4703.53,Freelancer,Tier 1,3058.9,2637.14
31,5835.27,Salaried,Tier 1,2493.56,2568.83
31,2000.0,Student,Tier 3,1482.72,1462.01
34,3602.71,Salaried,Tier 2,2167.49,2114.13
58,6023.21,Salaried,Tier 2,4034.61,3800.15
59,6813.32,Salaried,Tier 2,4272.63,3996.05
45,6531.57,Salaried,Tier 1,3010.26,3020.06
23,6339.94,Salaried,Tier 3,3499.95,3414.15
43,5194.62,Salaried,Tier 1,2896.2,2891.3
38,3456.64,Salaried,Tier 2,2490.93,2339.45
57,4705.06,Salaried,Tier 2,3015.23,2924.89
35,2010.1,Freelancer,Tier 2,1324.42,1345.94
31,6950.98,Freelancer,Tier 2,4229.13,4319.02
56,3774.33,Salaried,Tier 3,2242.95,2203.8
46,4199.98,Freelancer,Tier 2,2304.74,2293.05
24,6587.93,Student,Tier 1,4119.94,4021.75
59,2578.06,Freelancer,Tier 2,1720.11,1735.87
38,3215.9,Salaried,Tier 3,2228.24,2235.19
33,5401.96,Salaried,Tier 2,3569.43,3681.55
45,5780.57,Business,Tier 2,3012.95,3047.03
50,4892.45,Salaried,Tier 2,3421.24,3151.3
64,4941.38,Salaried,Tier 1,3459.68,3343.53
46,6902.57,Salaried,Tier 1,4440.93,4613.45
57,5954.48,Freelancer,Tier 3,3632.29,3426.7
47,5751.75,Freelancer,Tier 2,3024.58,2925.48
59,6163.47,Salaried,Tier 1,3283.14,3191.33
22,4549.11,Salaried,Tier 3,2975.14,2792.88
41,8259.75,Student,Tier 2,4159.21,4433.57
49,2000.0,Salaried,Tier 2,1095.08,1067.99
37,7186.88,Salaried,Tier 1,3646.85,3759.91
38,6353.16,Salaried,Tier 3,4391.06,4286.77
61,5372.43,Business,Tier 2,3161.96,3432.15
49,5120.04,Freelancer,Tier 2,3366.09,3913.16
33,4766.67,Student,Tier 1,2884.64,2970.56
48,6655.17,Salaried,Tier 1,5204.29,5310.62
63,4940.2,Salaried,Tier 1,2721.99,2907.53
51,3908.17,Salaried,Tier 3,2854.48,2863.74
62,6352.97,Business,Tier 1,3914.17,4203.44
55,7377.15,Salaried,Tier 2,4392.92,4316.43
58,2109.25,Salaried,Tier 1,979.22,887.54
27,8535.64,Freelancer,Tier 1,4932.83,4893.9
28,3444.9,Salaried,Tier 1,1797.97,1877.63
53,3559.55,Salaried,Tier 2,2601.77,2607.37
53,3132.67,Business,Tier 2,1182.27,1287.47
46,5001.27,Salaried,Tier 3,2251.9,2426.09
54,3080.42,Salaried,Tier 3,2053.81,1892.97
28,3262.61,Salaried,Tier 1,2086.81,2138.73
33,3967.17,Salaried,Tier 3,2526.6,2545.86
37,5207.68,Salaried,Tier 2,3552.33,3748.75
37,5352.28,Freelancer,Tier 3,4002.46,4035.29
64,6861.8,Salaried,Tier 1,3544.59,3195.88
57,6827.22,Student,Tier 3,4129.55,3869.72
34,6536.92,Salaried,Tier 1,4201.21,3958.33
28,4607.57,Salaried,Tier 1,2892.42,2771.76
57,2238.23,Salaried,Tier 1,1394.15,1358.02
30,2205.03,Freelancer,Tier 1,1368.67,1570.51
53,6526.59,Salaried,Tier 2,4833.83,4422.22
32,6265.63,Business,Tier 3,3622.93,3613.18
29,4074.94,Freelancer,Tier 2,2537.84,1817.93
54,2838.9,Student,Tier 1,2130.47,2179.84
44,3429.27,Freelancer,Tier 1,2111.25,1852.24
46,5262.04,Salaried,Tier 1,3387.29,3224.56
29,5264.84,Business,Tier 3,2599.77,2591.39
43,6563.8,Student,Tier 1,3125.13,3224.89
25,4324.47,Student,Tier 2,2608.71,2371.11
61,4633.95,Salaried,Tier 1,2623.51,2515.2
24,6687.98,Freelancer,Tier 2,3531.9,3874.28
50,2000.0,Salaried,Tier 1,1491.1,1486.38
62,5476.18,Salaried,Tier 1,3416.87,3725.64
50,4498.66,Freelancer,Tier 1,2625.02,2909.08
55,6069.14,Student,Tier 1,3986.63,3862.2
55,5768.91,Salaried,Tier 1,4419.09,4619.08
49,3955.54,Business,Tier 2,2393.65,2285.61
34,4239.0,Salaried,Tier 1,2273.68,2126.02
36,2000.0,Salaried,Tier 1,1035.2,1114.09
44,6124.99,Salaried,Tier 1,3297.98,3199.2
47,5359.66,Salaried,Tier 3,2896.13,2724.34
25,7097.77,Business,Tier 2,4418.25,4829.12
47,4400.9,Salaried,Tier 2,2339.4,2119.98
61,6371.5,Salaried,Tier 1,3504.21,3410.92
30,3395.11,Salaried,Tier 1,2168.66,1968.45
26,2000.0,Salaried,Tier 1,1127.93,1128.86
53,4858.23,Student,Tier 2,2787.91,2732.8
41,4149.98,Salaried,Tier 2,2564.49,2677.67
32,3423.77,Salaried,Tier 3,2170.38,2367.47
36,6347.16,Business,Tier 3,4199.58,4216.12
53,6812.37,Salaried,Tier 2,4963.29,4750.27
49,5158.13,Business,Tier 2,3085.19,3314.83
43,4726.22,Salaried,Tier 1,2669.35,2725.16
62,5094.06,Salaried,Tier 1,2537.94,2565.09
38,4020.61,Student,Tier 3,2114.08,1982.41
47,5843.89,Business,Tier 1,3810.41,3460.31
28,2690.94,Salaried,Tier 3,1298.54,1288.52
63,3390.38,Freelancer,Tier 2,1874.36,2149.37
47,3813.11,Student,Tier 2,2515.63,2328.01
46,5812.03,Salaried,Tier 1,3572.86,3258.02
31,4546.27,Salaried,Tier 2,3084.15,2909.02
40,7040.59,Salaried,Tier 2,3670.6,3349.86
32,6204.96,Salaried,Tier 1,3120.66,2843.63
34,3798.36,Salaried,Tier 1,1767.8,1748.05
29,5950.2,Business,Tier 1,3004.34,3190.76
61,4387.69,Salaried,Tier 2,2084.98,2153.36
25,5709.77,Business,Tier 1,3097.86,3209.02
52,6277.66,Salaried,Tier 2,4544.37,4328.46
49,6672.07,Salaried,Tier 2,3578.36,3228.47
32,5303.03,Freelancer,Tier 1,3951.34,3638.39
64,7400.19,Salaried,Tier 2,4474.34,4364.39
22,5661.97,Salaried,Tier 1,3479.97,3791.25
59,5202.58,Salaried,Tier 2,2865.07,2619.83
45,4546.23,Freelancer,Tier 1,2511.37,2870.27
52,4053.04,Salaried,Tier 1,2538.72,2480.54
62,5629.83,Salaried,Tier 1,3869.84,4124.96
47,5151.14,Student,Tier 2,3217.36,3214.08
26,5391.24,Student,Tier 1,4158.67,4425.24
41,5721.12,Salaried,Tier 1,2622.86,2605.47
62,5384.9,Salaried,Tier 1,2801.93,2746.94
32,8019.94,Freelancer,Tier 1,3477.25,3894.44
54,4208.05,Business,Tier 2,2724.57,2653.11
59,5648.44,Salaried,Tier 2,2924.92,3103.51
48,4658.46,Salaried,Tier 3,2778.92,2538.29
55,2000.0,Business,Tier 1,1086.8,991.74
36,4709.79,Student,Tier 1,3097.76,3059.41
53,3595.25,Freelancer,Tier 2,1864.9,1017.17
42,4899.77,Salaried,Tier 2,2940.37,3004.2
26,4960.4,Salaried,Tier 1,2535.61,2300.5
27,5578.04,Freelancer,Tier 2,3205.86,3267.72
59,4204.73,Salaried,Tier 2,2249.13,2082.66
43,4392.36,Salaried,Tier 1,3028.22,3304.0
39,6051.04,Salaried,Tier 2,2564.49,2479.12
35,3786.41,Salaried,Tier 1,1946.67,1853.79
31,2242.32,Salaried,Tier 3,1247.05,1194.99
34,5235.55,Business,Tier 2,3575.84,3888.62
52,6606.27,Freelancer,Tier 1,3729.55,4404.55
51,6033.77,Student,Tier 2,3616.22,3568.98
24,5263.23,Business,Tier 3,2789.34,2826.11
51,6875.97,Salaried,Tier 2,4078.31,4429.67
27,6623.03,Salaried,Tier 1,4879.92,4692.86
50,4503.63,Salaried,Tier 2,2464.0,2306.7
29,5371.28,Salaried,Tier 2,3597.52,3666.23
64,5435.69,Student,Tier 1,3769.45,3763.17
54,4869.87,Salaried,Tier 1,2766.97,2524.56
38,6701.37,Salaried,Tier 2,3944.63,3961.94
32,4771.79,Salaried,Tier 2,2852.88,2888.5
34,4249.58,Salaried,Tier 1,2211.26,2297.12
32,2000.0,Freelancer,Tier 2,1113.07,897.11
52,3802.54,Salaried,Tier 2,2069.97,2037.5
49,3026.87,Salaried,Tier 1,1681.8,1685.23
27,4939.41,Salaried,Tier 1,3123.58,2858.07
62,3119.47,Student,Tier 2,1565.35,1669.16
37,5913.03,Salaried,Tier 2,3673.22,3378.01
25,6662.66,Salaried,Tier 2,4491.05,4880.72
56,4953.26,Salaried,Tier 1,3263.83,3164.94
47,3523.97,Salaried,Tier 2,1693.42,1638.41
33,5429.6,Salaried,Tier 3,3161.0,3052.65
32,7840.21,Freelancer,Tier 1,4786.2,5200.02
58,7373.72,Freelancer,Tier 1,4286.15,4318.99
46,2890.88,Freelancer,Tier 2,1357.95,1882.84
39,2835.23,Salaried,Tier 1,1709.69,1779.71
40,2450.7,Salaried,Tier 1,1101.28,1015.62
44,3294.53,Salaried,Tier 1,2148.98,2100.14
59,5377.39,Salaried,Tier 1,2886.57,2764.94
39,4164.96,Salaried,Tier 2,2243.73,2337.25
47,3741.99,Salaried,Tier 1,2389.19,2385.68
27,6558.66,Freelancer,Tier 3,4498.15,4818.02
25,5795.14,Freelancer,Tier 2,3022.07,2812.39
50,2442.95,Business,Tier 2,1666.75,1761.04
55,6472.59,Freelancer,Tier 1,4190.03,4351.96
38,5759.05,Salaried,Tier 2,2594.45,2682.33
64,5792.39,Salaried,Tier 2,3941.76,4219.21
64,4144.29,Salaried,Tier 2,3063.6,3050.27
37,4719.04,Salaried,Tier 3,3638.27,3289.15
23,2040.92,Salaried,Tier 2,1363.0,1496.7
55,6300.48,Salaried,Tier 2,4842.27,4415.02
29,3501.61,Salaried,Tier 2,2054.18,1927.96
34,3694.06,Freelancer,Tier 2,2433.25,2622.19
63,3673.79,Freelancer,Tier 1,2336.62,2408.56
29,7700.6,Salaried,Tier 1,4557.16,4633.02
51,3996.94,Salaried,Tier 3,2532.23,2385.2
53,6413.39,Salaried,Tier 1,2741.21,2991.56
57,4964.01,Freelancer,Tier 3,2795.39,3423.27
51,3756.34,Salaried,Tier 1,2269.82,2169.86
22,3484.4,Freelancer,Tier 2,1884.28,1768.22
64,4056.72,Salaried,Tier 2,2739.32,2933.94
60,4888.31,Salaried,Tier 1,2492.43,2422.54
38,5902.61,Salaried,Tier 2,4207.67,4000.3
41,4293.51,Salaried,Tier 2,1729.63,1645.29
45,4237.38,Salaried,Tier 2,2432.55,2588.45
43,3678.27,Freelancer,Tier 2,2014.09,1767.28
50,3208.94,Salaried,Tier 1,2154.82,2247.62
43,3083.46,Salaried,Tier 2,1376.8,1418.18
30,6482.04,Student,Tier 1,3740.39,3595.44
58,4206.74,Salaried,Tier 1,2293.37,2159.47
31,4339.59,Salaried,Tier 3,2042.41,1889.55
57,4000.08,Salaried,Tier 2,2484.82,2248.21
58,4524.72,Freelancer,Tier 2,2770.67,2825.53
49,5556.61,Freelancer,Tier 2,3448.94,3766.05
49,4269.68,Salaried,Tier 1,2521.66,2629.38
63,5271.11,Student,Tier 2,3386.58,3152.85
64,7127.31,Freelancer,Tier 2,4418.63,4406.16
42,3770.5,Salaried,Tier 1,2727.43,2588.4
45,4340.8,Freelancer,Tier 3,3009.69,2692.73
63,5961.59,Salaried,Tier 2,3539.5,3716.48
61,7245.94,Freelancer,Tier 1,3429.95,3654.84
23,3136.53,Salaried,Tier 2,2081.11,2017.81
29,2448.79,Freelancer,Tier 1,1520.02,1741.22
48,4999.09,Salaried,Tier 1,2664.19,2688.88
43,4844.18,Business,Tier 2,3067.26,2818.55
58,6050.25,Salaried,Tier 3,3196.09,3361.1
48,5821.34,Freelancer,Tier 2,3198.33,3206.43
50,4949.06,Salaried,Tier 3,2997.07,2928.17
24,6573.82,Student,Tier 3,3076.17,2919.4
34,3978.47,Freelancer,Tier 3,2390.13,2066.51
31,5317.37,Salaried,Tier 1,2965.54,3088.77
57,3176.44,Student,Tier 2,1411.07,1496.64
30,4936.81,Salaried,Tier 1,3025.25,3280.66
48,2808.3,Freelancer,Tier 2,1658.0,1393.4
55,3326.23,Freelancer,Tier 3,2006.52,2216.19
22,7564.18,Salaried,Tier 1,4639.78,4748.31
53,2263.19,Student,Tier 2,1603.37,1567.96
46,4675.02,Salaried,Tier 2,2511.61,2706.15
50,6240.82,Salaried,Tier 1,3650.3,3708.43
28,8332.03,Business,Tier 1,3872.66,3837.25
24,5265.61,Freelancer,Tier 2,3479.03,3063.21
41,5351.33,Salaried,Tier 1,3228.1,3368.53
41,5059.53,Salaried,Tier 2,2954.78,2705.02
51,6585.85,Freelancer,Tier 2,4078.65,3900.89
56,5647.56,Salaried,Tier 2,3441.36,3759.13
56,4137.37,Student,Tier 1,2191.91,2040.76
60,6673.27,Freelancer,Tier 2,4497.26,3931.94
48,4306.71,Salaried,Tier 1,2756.28,2994.61
47,2602.26,Salaried,Tier 3,1812.99,1754.14
35,2607.01,Salaried,Tier 1,1336.55,1290.75
38,4698.4,Salaried,Tier 3,2502.43,2576.48
39,5154.56,Freelancer,Tier 2,3799.11,3302.08
50,6433.44,Student,Tier 2,3970.48,4345.89
41,5961.22,Salaried,Tier 1,3293.75,3145.55
48,5119.78,Salaried,Tier 1,3102.81,3280.1
39,6517.27,Salaried,Tier 2,4598.88,4403.54
25,5019.11,Freelancer,Tier 1,2944.24,2983.99
22,3064.27,Freelancer,Tier 3,2008.74,1911.58
22,2737.32,Freelancer,Tier 1,1664.96,1321.75
47,6918.03,Salaried,Tier 3,5114.87,5137.34
41,2000.0,Business,Tier 2,1133.32,1150.74
44,4698.89,Salaried,Tier 1,3114.0,3310.7
31,9472.69,Freelancer,Tier 2,6240.5,6135.04
32,5688.85,Freelancer,Tier 1,3290.31,3648.49
62,4687.19,Freelancer,Tier 1,2957.81,2761.24
62,2473.31,Salaried,Tier 1,1164.1,1131.02
26,7426.06,Freelancer,Tier 3,3961.23,3949.27
22,6820.74,Salaried,Tier 2,4164.22,4042.86
38,6027.2,Freelancer,Tier 2,2643.63,3343.78
43,4999.16,Salaried,Tier 1,3600.06,3790.13
55,5858.02,Salaried,Tier 2,3489.09,3621.47
62,4777.07,Salaried,Tier 1,2993.73,2898.81
50,3540.11,Business,Tier 1,1823.34,1694.43
25,6434.5,Salaried,Tier 1,2877.43,2887.95
26,4924.01,Freelancer,Tier 2,3101.15,3619.3
32,5782.92,Freelancer,Tier 2,2506.73,1951.93
42,4818.32,Business,Tier 1,2666.55,2801.5
56,5692.73,Salaried,Tier 3,3544.32,3614.77
33,4978.26,Freelancer,Tier 1,2759.79,2413.81
47,4861.18,Salaried,Tier 2,2469.78,2684.48
40,5044.98,Salaried,Tier 1,2401.41,2620.39
28,9441.3,Salaried,Tier 1,6734.02,6389.03
28,6203.61,Salaried,Tier 3,4106.02,4359.35
47,8879.09,Salaried,Tier 3,4320.69,4425.07
61,4987.85,Salaried,Tier 2,2606.8,2559.28
26,4536.41,Salaried,Tier 3,2658.44,2746.5
42,3388.7,Salaried,Tier 3,2310.6,2521.31
35,7404.85,Salaried,Tier 2,4630.63,4646.26
25,3642.22,Salaried,Tier 3,2434.17,2648.42
44,7714.34,Student,Tier 1,4063.37,4179.49
63,3475.72,Salaried,Tier 2,2381.47,2373.33
41,6329.99,Salaried,Tier 2,3846.64,3957.56
36,2613.49,Salaried,Tier 1,1477.63,1507.94
50,4337.07,Salaried,Tier 3,2870.16,2825.21
29,5033.12,Salaried,Tier 1,2749.5,2783.85
62,4103.76,Salaried,Tier 3,3025.78,3148.78
40,4746.01,Student,Tier 1,3292.98,3516.16
60,4753.18,Freelancer,Tier 1,2620.99,2687.38
49,6210.4,Freelancer,Tier 1,3213.12,3134.37
48,2000.0,Student,Tier 3,1244.88,1257.63
25,4155.62,Student,Tier 1,2731.65,2725.79
36,6881.95,Freelancer,Tier 2,5181.5,4418.77
56,5843.72,Freelancer,Tier 2,3335.92,3524.4
58,6906.93,Salaried,Tier 1,4266.39,4643.03
22,6138.18,Salaried,Tier 3,4154.22,4072.99
24,3374.73,Salaried,Tier 1,2051.37,2213.17
45,5991.35,Salaried,Tier 2,3432.66,3647.61
48,5150.29,Student,Tier 2,2413.27,2249.99
61,8402.09,Salaried,Tier 1,4285.89,4532.14
57,6203.25,Freelancer,Tier 1,3723.68,3897.17
55,5785.05,Salaried,Tier 2,3001.81,3253.13
50,6004.14,Salaried,Tier 3,3781.13,3546.27
45,5703.27,Salaried,Tier 1,4113.77,3805.27
45,5662.7,Salaried,Tier 1,3354.54,3180.96
63,4600.56,Salaried,Tier 3,2424.83,2211.26
25,5803.21,Salaried,Tier 1,3154.64,3041.12
24,6422.7,Salaried,Tier 2,3022.61,2891.44
55,6590.49,Salaried,Tier 2,4318.35,4245.99
44,6408.68,Freelancer,Tier 1,3806.93,4026.49
44,7262.1,Salaried,Tier 2,4154.82,3859.6
26,6684.34,Salaried,Tier 3,3893.99,3986.95
52,5942.78,Salaried,Tier 2,3106.24,2934.5
62,3284.51,Salaried,Tier 2,2235.39,2066.36
27,3285.1,Salaried,Tier 2,1789.88,1864.63
58,4627.8,Salaried,Tier 2,2348.85,2124.65
31,5070.13,Salaried,Tier 1,2749.48,2677.09
61,7097.0,Business,Tier 2,4947.04,4595.21
28,2000.0,Salaried,Tier 1,1516.77,1632.89
60,3450.19,Salaried,Tier 1,1720.48,1832.12
59,4708.67,Salaried,Tier 3,2697.51,2460.41
42,3504.71,Salaried,Tier 2,2792.87,2821.05
41,3802.84,Salaried,Tier 3,1650.34,1582.8
24,4251.26,Business,Tier 1,2783.22,2612.08
43,3581.26,Business,Tier 3,1970.58,1896.3
25,3841.36,Salaried,Tier 2,1794.29,1907.65
49,7044.85,Student,Tier 3,4791.11,4367.44
33,5921.48,Salaried,Tier 3,3127.57,3220.29
59,6145.92,Freelancer,Tier 3,4592.3,5397.92
57,4948.82,Freelancer,Tier 3,3334.14,3385.96
62,6516.66,Freelancer,Tier 1,3318.7,3742.83
26,6271.7,Salaried,Tier 2,3705.16,4006.61
34,5897.81,Salaried,Tier 1,3980.88,4068.14
44,4018.75,Salaried,Tier 2,2419.71,2398.33
51,4336.94,Salaried,Tier 3,2319.85,2430.11
58,6587.2,Salaried,Tier 1,3460.24,3748.28
46,4224.9,Salaried,Tier 2,2030.94,2104.07
48,3067.21,Salaried,Tier 2,1993.8,1878.0
35,4195.97,Freelancer,Tier 1,2383.55,2502.17
57,7339.11,Salaried,Tier 1,4102.62,4473.12
60,4197.45,Business,Tier 1,3158.92,3102.24
37,5491.48,Salaried,Tier 1,2694.74,2801.23
43,4076.47,Business,Tier 2,2806.41,2816.6
42,6145.14,Salaried,Tier 2,4338.63,4001.96
42,5805.2,Salaried,Tier 1,2947.42,2858.9
29,2763.22,Business,Tier 3,1309.54,1221.5
37,5402.05,Salaried,Tier 2,3305.83,3420.59
52,2476.12,Salaried,Tier 2,1570.72,1596.51
63,4168.9,Salaried,Tier 1,2690.83,2439.79
31,4982.85,Salaried,Tier 2,2579.74,2353.55
53,7770.3,Salaried,Tier 1,3869.68,3684.55
55,5476.87,Salaried,Tier 2,3349.97,3514.02
30,3849.37,Business,Tier 2,2456.38,2273.05
38,4524.18,Freelancer,Tier 1,3189.91,2926.03
32,6386.3,Salaried,Tier 3,3841.74,4154.94
53,3869.72,Business,Tier 2,2439.01,2461.51
31,6645.47,Salaried,Tier 1,4911.01,5029.71
43,4215.42,Salaried,Tier 3,2176.64,2157.38
38,3627.02,Salaried,Tier 2,2195.88,2107.94
25,4263.5,Freelancer,Tier 2,2932.57,3172.03
46,2575.57,Salaried,Tier 2,1474.99,1501.31
42,2000.0,Freelancer,Tier 1,1353.49,1701.12
58,4876.2,Salaried,Tier 3,3092.58,3032.61
59,4899.05,Student,Tier 2,2947.82,3062.43
22,5384.69,Freelancer,Tier 1,3043.88,2795.47
46,4868.79,Salaried,Tier 3,3214.61,2916.76
57,8493.88,Freelancer,Tier 2,5461.66,6181.27
38,5252.61,Salaried,Tier 2,2787.14,2685.91
62,2935.31,Salaried,Tier 3,1998.97,2177.44
45,3320.13,Salaried,Tier 1,2107.55,2267.54
23,5000.46,Salaried,Tier 1,2614.83,2475.68
61,4346.86,Business,Tier 1,2729.15,2983.22
36,3157.28,Salaried,Tier 3,1939.38,2076.52
53,4911.73,Salaried,Tier 1,3020.6,3313.6
60,4933.66,Salaried,Tier 1,2948.96,3053.91
27,7393.54,Salaried,Tier 1,4554.6,4946.96
22,3625.87,Salaried,Tier 1,2150.31,2232.06
44,4373.41,Freelancer,Tier 2,2559.19,2766.99
60,7388.92,Student,Tier 3,4406.96,4504.29
38,5492.88,Salaried,Tier 1,3701.43,4019.14
55,3617.07,Salaried,Tier 2,2268.53,2276.73
62,3927.9,Salaried,Tier 2,2819.19,2952.58
50,3178.76,Business,Tier 2,1958.5,2121.82
30,5115.91,Salaried,Tier 3,3347.67,3295.71
34,6546.74,Salaried,Tier 2,4039.62,3656.99
27,7446.35,Freelancer,Tier 1,3676.54,3253.26
27,2770.58,Salaried,Tier 3,1916.42,2097.3
41,6303.68,Salaried,Tier 2,4086.54,4391.56
24,5246.47,Freelancer,Tier 1,2258.0,2457.6
38,4607.1,Salaried,Tier 1,2404.78,2626.45
33,4373.99,Salaried,Tier 3,1922.42,1801.54
22,2118.6,Salaried,Tier 2,1527.46,1408.61
38,5957.0,Salaried,Tier 2,2864.65,2922.77
24,3021.71,Salaried,Tier 3,1979.01,1932.35
47,3877.71,Student,Tier 2,2111.01,2043.36
36,5626.98,Salaried,Tier 1,3720.22,3894.44
57,2275.05,Freelancer,Tier 2,1220.48,1164.06
53,3018.81,Salaried,Tier 2,2010.66,2122.64
53,6827.99,Salaried,Tier 2,3525.94,3426.83
25,5183.09,Salaried,Tier 1,3118.71,3422.31
39,4006.7,Salaried,Tier 1,2446.21,2597.26
40,5188.99,Salaried,Tier 2,3006.8,3094.73
64,6004.21,Salaried,Tier 3,4010.56,3793.54
56,6687.15,Salaried,Tier 2,4234.97,4621.56
61,3331.35,Salaried,Tier 3,1604.73,1454.82
35,3462.74,Student,Tier 2,2051.61,1938.1
54,5912.51,Salaried,Tier 3,2919.56,2649.08
35,5960.62,Salaried,Tier 1,4036.03,4412.6
55,2984.05,Salaried,Tier 1,2006.31,2155.36
25,3519.03,Salaried,Tier 2,1881.79,2051.95
45,4709.38,Freelancer,Tier 1,3107.56,3704.72
50,5035.36,Salaried,Tier 2,2489.55,2254.25
40,5077.89,Salaried,Tier 3,3107.83,3376.03
27,2961.01,Salaried,Tier 2,1643.23,1617.25
54,5062.74,Freelancer,Tier 3,2725.95,2859.66
61,3923.94,Salaried,Tier 2,2130.25,2038.28
40,3250.52,Salaried,Tier 2,1476.65,1413.68
22,4983.51,Salaried,Tier 2,3243.27,3438.27
26,4830.51,Salaried,Tier 1,3326.62,3164.53
48,6202.54,Salaried,Tier 1,4699.54,4438.4
37,3708.55,Business,Tier 2,1924.26,2000.47
27,5352.76,Freelancer,Tier 3,3827.89,3810.37
61,2646.99,Salaried,Tier 2,1722.46,1554.74
34,4587.72,Salaried,Tier 1,3541.45,3847.27
56,5695.52,Salaried,Tier 1,2463.4,2371.55
40,5822.03,Salaried,Tier 3,3961.63,4171.1
33,5832.25,Salaried,Tier 2,3900.35,3876.16
37,6206.56,Salaried,Tier 3,3609.04,3344.91
64,4331.32,Student,Tier 2,2623.43,2708.39
31,5743.59,Salaried,Tier 2,3031.91,2869.14
46,7803.12,Student,Tier 2,4867.44,4660.98
41,4299.3,Salaried,Tier 1,2957.93,2681.31
52,7070.3,Salaried,Tier 2,3920.51,3541.32
25,6314.71,Salaried,Tier 2,3681.02,3691.05
44,4600.51,Freelancer,Tier 2,2180.59,1909.38
23,4725.69,Salaried,Tier 3,2219.72,2090.72
43,5177.6,Business,Tier 1,2542.37,2757.87
58,6230.25,Business,Tier 2,3749.41,3436.6
29,5603.95,Freelancer,Tier 1,2932.5,2432.85
28,4287.5,Freelancer,Tier 1,2514.89,2905.98
35,2000.0,Freelancer,Tier 2,1271.71,1396.96
24,6008.26,Freelancer,Tier 1,3642.34,2692.08
37,2101.25,Salaried,Tier 2,1059.54,992.88
40,2951.03,Freelancer,Tier 1,1900.68,1778.17
39,4396.28,Business,Tier 1,2788.7,2711.17
37,3178.88,Salaried,Tier 1,1586.16,1519.07
29,5476.29,Student,Tier 1,3401.86,3226.54
54,4555.72,Salaried,Tier 3,2486.75,2371.69
33,6177.85,Salaried,Tier 2,4280.89,3967.04
32,2588.42,Salaried,Tier 3,1254.09,1169.65
26,4007.15,Salaried,Tier 1,2399.21,2450.44
48,5006.3,Business,Tier 2,3047.74,2921.07
33,5064.09,Student,Tier 2,3552.57,3481.3
38,6041.05,Freelancer,Tier 1,4643.17,4742.18
27,3628.12,Student,Tier 2,2629.58,2424.34
54,4297.98,Salaried,Tier 2,2014.92,2143.67
26,5761.02,Salaried,Tier 2,2977.64,3249.42
49,2000.0,Salaried,Tier 2,788.89,751.58
35,5577.4,Business,Tier 2,3727.31,3574.05
26,6145.92,Salaried,Tier 1,3229.36,3354.12
54,2999.51,Student,Tier 2,2102.47,1926.11
62,4527.47,Freelancer,Tier 3,3226.77,3677.43
40,7238.99,Student,Tier 1,3563.37,3292.97
43,5989.74,Salaried,Tier 2,4064.39,4253.03
26,5670.46,Salaried,Tier 2,2436.94,2335.33
23,6486.44,Freelancer,Tier 2,3046.15,2891.89
51,7706.82,Freelancer,Tier 2,4661.16,4320.48
60,5027.8,Salaried,Tier 1,3457.85,3559.06
25,4389.22,Student,Tier 2,2728.8,2889.79
54,6482.81,Business,Tier 2,4812.44,5245.79
34,4718.82,Salaried,Tier 2,3270.26,3160.08
41,3607.97,Salaried,Tier 2,2127.12,2178.67
28,4189.9,Salaried,Tier 2,1976.4,1942.8
36,5468.49,Salaried,Tier 3,4107.55,4155.07
44,4325.61,Freelancer,Tier 2,2487.3,2196.27
35,4437.54,Salaried,Tier 2,2353.35,2391.83
44,3459.03,Freelancer,Tier 1,1520.57,2038.5
40,7153.05,Freelancer,Tier 1,4262.24,4523.96
50,4486.06,Salaried,Tier 3,3089.22,3078.96
41,3932.73,Salaried,Tier 2,2272.07,2151.99
50,4092.32,Salaried,Tier 2,2010.52,2145.9
45,6203.79,Salaried,Tier 2,3905.15,4295.21
39,5859.8,Salaried,Tier 1,3641.94,3552.47
31,4247.22,Student,Tier 3,3006.81,3262.01
62,5048.47,Salaried,Tier 2,3738.07,4099.52
29,5415.06,Salaried,Tier 2,3553.96,3479.76
47,3943.88,Salaried,Tier 1,2270.14,2368.34
50,2689.07,Salaried,Tier 2,1654.93,1681.77
31,5772.56,Salaried,Tier 1,3491.52,3646.67
38,4026.9,Freelancer,Tier 2,2465.31,2307.3
23,5660.52,Salaried,Tier 2,3733.51,3633.99
27,5481.54,Student,Tier 1,3557.79,3246.69
26,5083.69,Salaried,Tier 2,2331.26,2384.05
49,4360.81,Business,Tier 2,2105.27,2284.94
62,4049.11,Business,Tier 3,1942.64,1966.06
26,3292.37,Salaried,Tier 2,2015.45,1842.26
39,4077.88,Salaried,Tier 1,1834.51,1992.42
47,5853.22,Salaried,Tier 1,3874.5,3590.09
41,7096.74,Freelancer,Tier 3,4388.76,4516.51
62,6876.65,Business,Tier 2,3872.83,4038.77
48,5218.13,Salaried,Tier 2,2765.35,2840.77
33,7095.94,Salaried,Tier 1,4547.63,4626.62
28,4539.77,Business,Tier 1,3385.84,3136.06
24,3063.43,Student,Tier 3,1789.31,1789.61
31,7881.31,Freelancer,Tier 2,5309.3,4752.49
55,5799.21,Business,Tier 1,4325.99,4388.1
46,2698.05,Salaried,Tier 2,1711.12,1693.1
56,7338.57,Freelancer,Tier 1,4838.53,4725.14
37,3884.87,Freelancer,Tier 3,2079.25,2081.17
23,4211.18,Freelancer,Tier 2,1921.86,2155.73
45,6532.07,Salaried,Tier 2,3844.5,3934.24
31,7042.56,Salaried,Tier 2,3756.61,4030.39
59,3498.89,Salaried,Tier 3,2089.77,1919.63
43,7206.49,Salaried,Tier 3,3538.42,3750.9
47,6311.36,Salaried,Tier 1,4591.99,4352.68
64,3800.38,Freelancer,Tier 3,2742.69,3011.91
60,4631.14,Salaried,Tier 3,2241.36,2461.68
48,7274.2,Salaried,Tier 1,3989.81,4376.07
50,2659.16,Business,Tier 3,1653.6,1592.68
59,7071.07,Business,Tier 2,3010.67,2788.95
41,6269.61,Salaried,Tier 2,3524.89,3833.8
48,5763.71,Salaried,Tier 1,3485.62,3759.95
62,5197.54,Student,Tier 2,3191.02,3265.07
41,7955.21,Business,Tier 1,4780.32,4333.28
40,8176.89,Salaried,Tier 3,6255.61,6569.99
41,4077.16,Salaried,Tier 3,2101.19,1958.67
56,5918.31,Salaried,Tier 2,3793.44,4129.55
23,7811.56,Freelancer,Tier 2,3544.72,3591.56
51,3822.43,Salaried,Tier 2,2343.27,2397.22
55,5364.71,Salaried,Tier 1,2505.99,2396.27
43,6505.81,Salaried,Tier 2,4384.64,4362.79
24,2000.0,Business,Tier 2,1072.27,1126.88
27,6242.83,Salaried,Tier 1,4782.5,4774.87
36,3367.35,Salaried,Tier 1,1931.61,2065.74
48,5288.5,Student,Tier 2,2601.12,2711.94
31,6716.52,Salaried,Tier 2,3425.08,3135.57
30,2000.0,Salaried,Tier 3,1392.16,1421.9
54,6178.79,Freelancer,Tier 1,4323.59,4674.79
53,8057.49,Salaried,Tier 1,6491.06,6336.44
27,4200.05,Business,Tier 2,2869.82,2768.07
62,5865.04,Salaried,Tier 2,3333.09,3041.7
57,7002.93,Salaried,Tier 2,3119.92,3086.33
23,2610.58,Student,Tier 2,1461.47,1413.71
50,6136.05,Salaried,Tier 2,4490.32,4895.4
25,6535.65,Freelancer,Tier 2,4191.67,4437.78
22,5957.93,Salaried,Tier 1,2726.04,2704.27
40,5129.93,Salaried,Tier 1,3260.54,3426.57
47,3499.38,Business,Tier 1,2619.7,2765.76
46,7087.14,Salaried,Tier 1,4533.68,4515.96
31,5051.76,Salaried,Tier 1,3095.72,2833.06
36,3644.18,Salaried,Tier 1,2248.45,2374.61
43,4522.96,Salaried,Tier 3,2987.92,2743.08
42,5552.58,Freelancer,Tier 1,3012.79,3112.34
43,2658.22,Business,Tier 1,1237.03,1196.0
57,5026.9,Freelancer,Tier 3,2533.54,2447.95
55,4374.68,Freelancer,Tier 2,3183.23,3063.35
51,7004.04,Salaried,Tier 2,4221.75,3829.29
46,2187.66,Salaried,Tier 2,1599.45,1562.54
49,6408.14,Freelancer,Tier 2,3998.13,4011.72
22,7125.64,Salaried,Tier 1,5123.74,5480.5
25,2244.37,Salaried,Tier 1,1276.55,1332.15
28,2424.23,Student,Tier 3,1393.74,1504.16
30,7678.85,Salaried,Tier 1,4233.9,3880.56
57,3643.44,Salaried,Tier 1,1911.19,1747.53
40,9642.24,Salaried,Tier 2,4992.51,5205.71
22,2291.24,Freelancer,Tier 1,1429.07,1371.14
31,5255.07,Salaried,Tier 2,2597.46,2587.91
57,4964.91,Salaried,Tier 3,2736.74,2793.84
30,4687.71,Student,Tier 3,2432.97,2669.43
63,5694.44,Freelancer,Tier 2,3263.94,3249.9
53,5780.97,Business,Tier 1,3944.16,3635.64
53,4748.51,Salaried,Tier 3,2403.2,2561.48
27,3478.74,Salaried,Tier 1,2288.73,2069.25
59,6571.64,Salaried,Tier 1,4689.04,4642.57
38,5942.08,Salaried,Tier 2,4188.71,4418.35
31,5171.88,Salaried,Tier 2,2420.56,2273.04
48,5894.55,Salaried,Tier 1,3610.47,3384.46
56,6153.41,Salaried,Tier 2,2919.2,2808.41
42,3857.4,Freelancer,Tier 3,2214.16,1804.47
46,5841.02,Freelancer,Tier 1,3023.71,3422.15
49,4170.45,Salaried,Tier 2,2668.8,2508.74
36,6203.05,Salaried,Tier 1,3318.05,3136.79
25,4711.4,Salaried,Tier 2,2493.49,2530.86
50,5917.58,Salaried,Tier 1,2549.77,2788.09
30,4349.31,Salaried,Tier 2,2371.27,2567.56
48,5995.55,Salaried,Tier 1,3982.14,4272.44
47,3531.85,Business,Tier 3,2095.16,2108.11
40,5054.25,Business,Tier 3,2821.7,2707.56
49,6470.95,Freelancer,Tier 3,4249.21,4387.67
38,5700.81,Business,Tier 1,4047.8,3958.41
64,5288.04,Freelancer,Tier 1,3435.93,3252.58
62,7705.34,Business,Tier 2,3838.72,3467.28
63,6535.46,Salaried,Tier 2,3272.18,3291.51
41,6283.31,Salaried,Tier 3,4209.34,4072.41
61,5987.04,Freelancer,Tier 2,4253.93,3708.84
60,6174.05,Salaried,Tier 2,3712.55,3832.71
44,7485.65,Freelancer,Tier 1,5236.46,5936.6
53,4373.5,Student,Tier 3,2224.92,2018.92
54,6514.11,Freelancer,Tier 1,4080.11,4625.18
26,5534.73,Salaried,Tier 1,3447.77,3352.51
64,4425.32,Salaried,Tier 3,2759.98,2990.39
55,4850.41,Business,Tier 2,2767.22,2813.56
61,5328.73,Student,Tier 1,2904.11,2992.74
32,3710.09,Salaried,Tier 1,2461.37,2688.07
24,6296.02,Business,Tier 1,3677.18,3914.13
54,4845.72,Business,Tier 2,2530.62,2348.43
32,5127.39,Salaried,Tier 1,3005.41,2708.01
37,7035.8,Business,Tier 3,5790.95,5569.26
39,5194.62,Salaried,Tier 1,2241.46,2236.32
51,7329.0,Salaried,Tier 2,3117.78,3262.53
31,4212.78,Salaried,Tier 1,2643.99,2729.15
39,3354.4,Freelancer,Tier 1,2164.99,1849.9
59,4565.01,Freelancer,Tier 2,3105.14,3304.38
40,2000.0,Salaried,Tier 2,1182.33,1218.02
57,6358.64,Business,Tier 1,3786.49,3796.91
34,3441.65,Business,Tier 2,2174.04,2256.2
24,4073.46,Freelancer,Tier 3,1992.38,1905.36
31,6074.42,Salaried,Tier 1,4106.46,4130.84
59,5178.68,Salaried,Tier 1,2741.96,2983.68
22,4339.18,Salaried,Tier 2,3405.4,3329.91
48,2000.0,Business,Tier 2,1144.27,1202.79
29,6951.21,Salaried,Tier 1,5091.34,4923.0
63,6084.62,Student,Tier 1,3633.5,3511.31
38,8083.58,Business,Tier 2,3421.8,3713.8
30,4105.43,Freelancer,Tier 3,3057.45,2924.79
27,2818.32,Freelancer,Tier 2,1414.21,1510.15
64,6492.13,Salaried,Tier 1,4649.09,5108.96
46,4717.91,Freelancer,Tier 2,2858.97,2738.96
60,5942.25,Salaried,Tier 1,3793.88,4160.49
49,7429.87,Business,Tier 1,3748.62,3449.38
54,5582.23,Freelancer,Tier 2,3788.15,3632.5
58,5250.95,Freelancer,Tier 3,3854.75,4312.67
30,5345.0,Freelancer,Tier 3,3182.16,2841.38
39,2544.13,Salaried,Tier 1,1285.26,1392.66
42,6662.06,Salaried,Tier 2,3779.04,3812.68
23,6758.13,Business,Tier 1,3422.53,3344.58
64,5795.86,Salaried,Tier 1,3581.28,3275.75
59,2726.89,Salaried,Tier 3,1654.5,1642.8
61,4818.28,Salaried,Tier 3,3629.76,3468.52
57,7157.79,Salaried,Tier 1,4710.33,4311.47
64,4151.37,Salaried,Tier 1,2733.73,2826.89
58,6776.38,Business,Tier 1,3861.78,4230.46
36,5082.64,Freelancer,Tier 2,3401.01,2887.04
49,6068.76,Salaried,Tier 3,3672.37,3523.47
39,4381.79,Student,Tier 1,2876.03,2640.17
55,5126.57,Salaried,Tier 2,2329.24,2200.27
43,5655.07,Salaried,Tier 1,3823.76,3659.32
32,3375.15,Freelancer,Tier 1,1849.0,2084.92
34,5410.87,Freelancer,Tier 2,2887.35,2634.19
25,2000.0,Salaried,Tier 3,1068.24,985.95
43,4097.75,Student,Tier 1,1947.73,1775.72
28,5815.82,Student,Tier 1,3826.98,4156.55
64,6680.39,Salaried,Tier 1,4028.27,4269.31
45,5709.13,Salaried,Tier 2,3325.11,3177.62
25,2914.52,Business,Tier 1,1717.53,1765.2
49,6549.29,Salaried,Tier 2,3214.09,3273.55
36,3291.28,Salaried,Tier 1,2527.4,2650.24
22,5921.3,Freelancer,Tier 1,3913.89,4244.46
24,3341.25,Salaried,Tier 2,2449.54,2379.85
35,3840.19,Salaried,Tier 1,1678.86,1732.86
59,3565.48,Salaried,Tier 2,1970.49,2089.53
22,5208.44,Freelancer,Tier 2,3171.93,3367.53
59,4706.7,Salaried,Tier 3,3632.0,3938.64
59,5763.36,Salaried,Tier 1,2944.87,2941.74
42,4972.05,Salaried,Tier 2,3233.68,3429.41
50,2723.19,Salaried,Tier 1,1272.65,1376.95
26,5413.72,Student,Tier 3,3313.96,3351.77
31,2356.75,Student,Tier 2,1546.32,1397.03
49,3674.22,Salaried,Tier 1,2175.48,2313.84
42,4454.13,Freelancer,Tier 1,2912.1,2748.18
28,4350.19,Freelancer,Tier 3,2322.25,2520.35
24,2528.88,Business,Tier 3,1806.93,1709.02
41,7056.74,Salaried,Tier 3,5139.94,5631.47
40,7472.0,Salaried,Tier 3,5004.6,5056.27
56,8376.16,Freelancer,Tier 3,3573.79,3549.05
25,6721.48,Salaried,Tier 2,3199.43,3484.87
26,4406.83,Salaried,Tier 1,3044.34,2988.39
22,4380.98,Freelancer,Tier 1,2293.75,2199.11
25,4298.16,Student,Tier 2,2919.5,3036.66
33,7978.46,Salaried,Tier 2,5863.16,6411.62
48,4826.69,Freelancer,Tier 2,3467.87,3011.03
63,6903.85,Salaried,Tier 1,3903.31,4221.53
44,6787.15,Business,Tier 2,3234.14,3278.69
46,5284.32,Salaried,Tier 1,2662.48,2649.64
42,2822.54,Salaried,Tier 2,1596.69,1534.63
45,4859.12,Salaried,Tier 2,3307.88,3342.75
46,5220.45,Salaried,Tier 1,4045.74,4104.45
53,6916.88,Salaried,Tier 3,3535.26,3816.95
53,5029.19,Salaried,Tier 2,3202.23,3332.92
26,3187.09,Freelancer,Tier 3,1713.92,1394.21
57,6481.86,Salaried,Tier 1,4300.67,4532.16
63,4658.69,Freelancer,Tier 1,3191.97,3211.69
63,2000.0,Salaried,Tier 1,1372.28,1291.54
60,5487.48,Freelancer,Tier 1,3419.93,3103.89
37,5751.16,Salaried,Tier 1,3731.18,3467.45
54,3735.59,Salaried,Tier 1,1911.83,1868.23
42,4711.93,Salaried,Tier 3,3003.84,3096.3
30,5986.58,Salaried,Tier 3,3624.93,3651.74
27,5497.68,Business,Tier 3,3248.66,3365.1
56,2656.01,Freelancer,Tier 3,1228.86,1439.49
60,6880.33,Salaried,Tier 2,3199.84,3011.23
43,7559.5,Salaried,Tier 2,4690.77,4411.91
62,4234.72,Salaried,Tier 1,2799.21,2855.68
26,2135.19,Salaried,Tier 1,1355.27,1264.27
63,6156.67,Freelancer,Tier 2,4160.81,4072.14
44,3990.36,Salaried,Tier 3,1706.94,1608.91
38,5803.17,Salaried,Tier 2,3833.36,3958.14
33,8303.26,Salaried,Tier 3,3987.37,4079.41
44,2680.54,Salaried,Tier 1,1314.09,1282.85
37,3805.07,Salaried,Tier 2,1825.35,1689.8
24,4708.28,Salaried,Tier 2,3174.0,2991.06
51,6937.52,Salaried,Tier 3,3846.28,3824.9
43,10333.43,Salaried,Tier 3,5965.3,6528.52
30,5370.63,Salaried,Tier 2,3244.64,3095.89
50,2551.67,Freelancer,Tier 1,1371.82,1401.35
58,4481.72,Salaried,Tier 1,3005.45,2837.55
44,3837.7,Salaried,Tier 1,2589.38,2697.17
34,6082.38,Salaried,Tier 3,4079.34,4417.67
53,5565.33,Salaried,Tier 1,2845.43,2603.67
44,3437.28,Salaried,Tier 1,1810.22,1900.47
38,3749.77,Business,Tier 1,2196.84,2194.47
61,4459.91,Business,Tier 3,2160.54,2301.06
42,4640.96,Salaried,Tier 2,3336.41,3284.03
23,4936.72,Business,Tier 2,2870.28,2586.25
58,5073.31,Salaried,Tier 1,3329.36,3451.08
27,6852.28,Salaried,Tier 1,3178.07,3373.82
39,4405.68,Student,Tier 1,2605.68,2815.19
51,4184.65,Business,Tier 3,2928.12,2968.56
43,2991.84,Student,Tier 3,2005.36,1853.77
54,4664.21,Salaried,Tier 2,1765.88,1719.91
51,5384.29,Salaried,Tier 1,3350.1,3540.55
38,2413.86,Salaried,Tier 3,1327.65,1326.16
64,4486.36,Freelancer,Tier 2,3060.73,2744.4
53,6740.44,Salaried,Tier 1,4072.78,3669.32
63,5972.46,Business,Tier 1,3419.27,3127.26
35,5560.15,Salaried,Tier 2,3435.69,3560.17
31,5931.82,Salaried,Tier 2,3220.0,3084.89
57,4139.44,Freelancer,Tier 3,2908.03,2926.08
55,3939.62,Freelancer,Tier 3,2289.83,2741.64
30,6907.86,Salaried,Tier 1,4334.07,3997.75
63,6242.96,Student,Tier 2,3357.46,3580.87
49,3880.59,Salaried,Tier 1,2664.24,2474.78
32,2181.91,Salaried,Tier 2,1280.81,1340.56
35,3911.73,Business,Tier 2,2583.49,2476.4
60,5815.3,Student,Tier 2,3293.97,3135.84
40,4012.61,Business,Tier 3,2740.42,2916.5
36,5495.1,Business,Tier 2,3474.69,3510.97
49,7129.66,Freelancer,Tier 3,3880.85,3749.22
45,4860.46,Student,Tier 1,3127.74,2816.56
29,5350.94,Salaried,Tier 1,2837.1,3105.51
64,6027.36,Freelancer,Tier 2,3798.19,3790.88
30,3376.87,Freelancer,Tier 3,2265.18,2349.65
54,3840.43,Salaried,Tier 1,2374.34,2160.8
54,6089.24,Salaried,Tier 1,3694.04,3985.43
40,5055.45,Salaried,Tier 2,3596.49,3337.96
24,5182.64,Freelancer,Tier 2,2959.66,2976.0
31,5049.93,Salaried,Tier 3,2476.08,2437.01
61,6467.44,Business,Tier 2,3457.05,3671.46
63,5653.57,Salaried,Tier 3,4011.53,3898.78
22,5673.23,Salaried,Tier 2,3268.9,3289.47
50,6833.3,Business,Tier 1,3423.91,3375.1
55,7409.86,Salaried,Tier 2,3951.65,3802.95
34,8365.39,Salaried,Tier 2,5117.04,5573.79
22,4131.48,Salaried,Tier 3,3101.53,3285.68
55,8704.11,Freelancer,Tier 1,5646.75,5358.11
50,3354.84,Student,Tier 1,1760.41,1779.67
34,7902.87,Student,Tier 1,5165.5,5471.88
50,4049.06,Freelancer,Tier 2,2908.17,2939.12
60,4896.59,Salaried,Tier 1,2741.64,2738.23
45,5027.86,Salaried,Tier 2,3093.37,2828.62
47,3699.54,Salaried,Tier 3,2366.35,2179.92
38,5130.08,Salaried,Tier 2,3621.31,3436.8
28,3776.99,Salaried,Tier 2,2299.08,2305.24
34,3147.58,Salaried,Tier 3,1703.31,1869.32
26,4941.91,Freelancer,Tier 2,2807.44,2959.96
47,7384.82,Salaried,Tier 1,3641.87,3357.84
24,4618.97,Freelancer,Tier 1,2346.01,2184.11
28,6411.53,Student,Tier 2,3991.19,4239.02
60,3731.5,Freelancer,Tier 1,2275.63,2412.89
22,3074.79,Freelancer,Tier 2,1680.77,2071.54
38,5680.79,Freelancer,Tier 3,3929.62,4051.89
64,7633.42,Salaried,Tier 2,4003.27,4018.6
46,5313.43,Salaried,Tier 1,3117.55,2971.16
24,6239.97,Salaried,Tier 1,3654.57,3579.57
36,7242.69,Salaried,Tier 3,4605.97,4646.91
50,4945.2,Freelancer,Tier 3,3207.35,3577.13
64,4771.91,Student,Tier 2,2313.21,2327.9
53,5708.13,Student,Tier 1,3262.26,3488.08
47,5975.03,Salaried,Tier 2,2675.7,2425.12
37,2901.54,Student,Tier 1,1793.69,1733.78
46,5443.59,Salaried,Tier 1,3224.35,3385.46
49,4998.98,Business,Tier 1,3666.05,3777.34
30,3815.72,Salaried,Tier 2,2514.09,2724.4
22,4895.28,Salaried,Tier 1,3260.86,3318.26
50,3252.01,Salaried,Tier 1,2062.38,2119.36
43,2733.61,Business,Tier 1,1672.53,1741.09
37,5100.27,Salaried,Tier 2,3744.9,3509.87
62,6353.12,Salaried,Tier 2,3653.1,3838.12
62,4479.06,Student,Tier 1,3044.99,2923.13
28,3558.91,Student,Tier 3,2072.46,2041.17
35,3792.05,Salaried,Tier 2,2335.28,2108.3
50,5823.42,Freelancer,Tier 1,2344.51,2645.12
40,7501.08,Salaried,Tier 1,5338.66,5822.86
40,6155.68,Salaried,Tier 2,3789.84,3456.48
23,6951.19,Salaried,Tier 1,3309.61,3399.1
62,3428.56,Salaried,Tier 1,2494.5,2724.38
36,4889.11,Salaried,Tier 2,2911.9,2974.16
24,6528.04,Salaried,Tier 2,4905.62,5197.95
32,2901.23,Salaried,Tier 2,1560.22,1441.06
51,4012.44,Freelancer,Tier 2,2404.62,2454.63
61,6413.03,Freelancer,Tier 3,4164.61,4440.46
39,5387.64,Salaried,Tier 1,3514.63,3852.85
23,3552.33,Salaried,Tier 1,2383.32,2517.64
53,2553.77,Freelancer,Tier 3,1564.44,1383.26
29,7005.97,Freelancer,Tier 2,4280.81,4539.41
43,2000.0,Freelancer,Tier 2,1248.4,969.3
27,5948.59,Salaried,Tier 1,4047.74,4235.2
33,4200.43,Salaried,Tier 1,2973.58,3014.57
61,6570.6,Freelancer,Tier 1,4252.97,4460.93
57,3436.78,Salaried,Tier 2,2042.11,1902.53
36,8922.2,Student,Tier 1,5906.91,5384.17
49,5603.45,Freelancer,Tier 2,3199.76,3104.33
39,5850.6,Salaried,Tier 2,3751.96,3443.01
23,3840.43,Salaried,Tier 1,2433.24,2219.27
34,4799.93,Business,Tier 1,3601.65,3543.36
36,4838.83,Salaried,Tier 1,3028.49,2847.09
41,7694.1,Salaried,Tier 1,5179.66,5480.23
50,5600.87,Freelancer,Tier 1,4587.21,4673.42
63,5815.74,Freelancer,Tier 1,3974.37,4178.54
50,5798.97,Salaried,Tier 2,3397.77,3252.72
24,5942.92,Salaried,Tier 2,3952.45,4002.36
40,2915.82,Student,Tier 1,1387.12,1368.81
24,8073.9,Student,Tier 2,3866.98,3523.39
35,3683.77,Freelancer,Tier 3,2456.61,2372.07
61,4942.39,Student,Tier 2,2668.75,2668.62
25,7297.22,Salaried,Tier 1,3442.21,3288.61
32,7901.94,Salaried,Tier 2,4732.91,4534.52
52,6208.93,Salaried,Tier 2,3566.16,3532.48
64,4242.96,Salaried,Tier 3,2808.22,2992.21
53,5191.6,Salaried,Tier 3,2979.82,2933.96
48,5250.45,Salaried,Tier 1,2895.72,3092.39
51,5303.59,Business,Tier 2,2424.45,2388.02
64,3154.92,Freelancer,Tier 3,2044.75,1911.23
23,6890.16,Freelancer,Tier 3,4304.93,4658.64
30,5201.88,Salaried,Tier 2,4133.59,3737.24
49,3916.67,Salaried,Tier 1,2747.67,2507.11
52,4252.41,Salaried,Tier 1,1680.15,1557.17
55,5404.78,Freelancer,Tier 2,2819.26,2577.54
36,2895.64,Salaried,Tier 2,1755.09,1739.11
46,6317.65,Salaried,Tier 3,3386.34,3565.16
57,5352.1,Salaried,Tier 3,3064.69,3347.46
29,7348.53,Freelancer,Tier 1,4669.56,4285.81
30,5116.38,Business,Tier 2,2894.48,3003.59
58,3372.1,Freelancer,Tier 1,2350.02,2741.43
60,3203.3,Salaried,Tier 2,2068.52,2024.33
53,4413.94,Salaried,Tier 2,3085.44,3221.89
38,4572.64,Salaried,Tier 1,3231.66,3291.09
56,4149.11,Salaried,Tier 1,2995.59,3151.32
58,5192.72,Salaried,Tier 1,3147.68,2954.82
40,4111.03,Salaried,Tier 1,2172.73,2112.01
50,5381.31,Salaried,Tier 3,3746.47,3874.76
28,4219.03,Salaried,Tier 1,2289.26,2117.47
49,5947.56,Salaried,Tier 1,3475.37,3663.32
30,4534.85,Freelancer,Tier 1,2432.89,1997.06
49,6869.31,Student,Tier 3,3159.99,3049.04
27,5978.44,Business,Tier 1,3938.99,3732.21
50,5290.38,Salaried,Tier 1,3142.15,2866.26
38,4688.48,Salaried,Tier 2,3561.8,3398.42
37,2721.49,Business,Tier 1,2100.17,2273.02
44,7120.32,Salaried,Tier 1,3958.71,3584.16
52,3978.83,Business,Tier 2,2685.62,2426.1
24,5136.1,Salaried,Tier 1,3639.55,3788.23
42,5515.71,Student,Tier 3,4021.83,3914.75
47,4724.73,Business,Tier 2,2248.61,2127.07
57,7031.9,Freelancer,Tier 2,3755.51,4181.34
63,3167.94,Freelancer,Tier 1,1698.99,1735.94
58,7600.9,Salaried,Tier 3,5183.23,5071.29
43,6007.34,Salaried,Tier 2,3941.09,4110.83
63,4630.37,Salaried,Tier 1,2131.24,1967.95
33,4647.16,Salaried,Tier 1,3058.86,3340.06
63,2000.0,Salaried,Tier 2,1004.65,912.73
34,3727.65,Salaried,Tier 2,1903.2,2019.88
32,4469.14,Business,Tier 3,2402.45,2510.37
37,5264.16,Salaried,Tier 2,3550.14,3395.42
29,6889.37,Salaried,Tier 2,4258.38,3933.31
61,8056.32,Salaried,Tier 1,4867.47,5210.51
61,5408.4,Salaried,Tier 2,2898.71,3002.84
23,5308.41,Salaried,Tier 3,2833.84,2715.32
51,4264.47,Student,Tier 2,2391.29,2160.26
51,2427.35,Salaried,Tier 1,1404.89,1528.1
33,4091.32,Salaried,Tier 1,2764.54,2711.6
31,4691.75,Salaried,Tier 1,2795.85,2614.83
32,6463.09,Salaried,Tier 2,3962.07,4288.42
36,5779.27,Business,Tier 3,3329.41,3235.54
37,5332.32,Salaried,Tier 1,2676.19,2656.52
38,4128.8,Salaried,Tier 1,2904.18,3019.55
47,2026.82,Salaried,Tier 2,1127.99,1200.05
23,2117.37,Student,Tier 3,1448.55,1332.72
33,2504.4,Salaried,Tier 2,1695.87,1831.09
47,4561.99,Business,Tier 1,3204.84,3482.08
44,6491.07,Salaried,Tier 1,3133.75,2982.88
39,6450.6,Salaried,Tier 2,4530.49,4528.12
53,6190.57,Freelancer,Tier 3,4288.62,4455.77
59,4227.36,Salaried,Tier 1,3061.42,3053.68
24,6716.39,Salaried,Tier 2,4004.12,3989.69
59,3603.39,Salaried,Tier 2,2891.96,2960.51
24,6280.09,Salaried,Tier 2,3846.87,4052.63
51,2488.14,Business,Tier 1,1793.16,1852.55
22,3234.33,Salaried,Tier 3,2210.3,2266.25
51,7478.92,Freelancer,Tier 2,5902.08,5378.35
53,4694.25,Salaried,Tier 2,2754.95,2826.62
49,3978.55,Salaried,Tier 2,2280.43,2099.49
42,6654.14,Freelancer,Tier 3,4076.58,3855.05
34,6826.06,Salaried,Tier 2,3527.55,3307.68
48,4350.08,Salaried,Tier 2,2583.02,2602.42
57,5417.7,Salaried,Tier 1,3027.49,2883.41
28,5205.36,Salaried,Tier 1,3837.52,3842.08
43,2000.0,Business,Tier 1,1254.35,1323.92
31,2906.21,Salaried,Tier 3,1763.1,1739.82
60,6413.38,Salaried,Tier 3,3386.15,3195.67
36,3751.09,Freelancer,Tier 1,2138.17,1794.82
36,5794.76,Salaried,Tier 1,3899.4,4216.23
25,5394.56,Salaried,Tier 1,2560.65,2704.51
53,6823.15,Salaried,Tier 3,4099.89,3719.89
44,2954.31,Business,Tier 1,1913.68,2083.12
27,5591.31,Student,Tier 2,3581.61,3304.08
45,4901.88,Freelancer,Tier 3,2796.04,3062.52
41,3815.34,Salaried,Tier 2,2754.39,2782.76
58,3804.81,Freelancer,Tier 3,2462.7,2252.36
41,5341.22,Salaried,Tier 2,4064.55,3898.04
33,5944.51,Salaried,Tier 2,3779.84,3988.37
54,5095.39,Student,Tier 2,2639.37,2537.43
49,5142.07,Salaried,Tier 1,2375.98,2366.64
29,4252.26,Salaried,Tier 3,2399.35,2494.34
22,4351.72,Business,Tier 2,3207.16,2932.35
58,3811.29,Freelancer,Tier 1,1599.55,1376.46
43,4222.1,Salaried,Tier 1,3262.12,2963.04
27,5892.01,Salaried,Tier 1,3022.7,2879.06
42,6059.61,Salaried,Tier 2,3753.18,3950.64
53,3086.19,Salaried,Tier 1,1676.38,1814.47
56,3655.34,Salaried,Tier 3,2315.25,2435.8
36,3934.4,Salaried,Tier 1,2583.11,2442.07
26,4903.94,Student,Tier 1,2808.96,3081.83
27,2475.27,Salaried,Tier 2,1522.29,1495.9
46,3681.64,Salaried,Tier 2,2629.17,2564.2
61,2921.63,Salaried,Tier 3,1560.38,1674.36
50,5600.72,Salaried,Tier 2,3334.24,3044.96
28,4955.49,Salaried,Tier 1,2974.4,3007.76
61,4306.18,Student,Tier 2,3003.31,3282.99
34,3405.08,Business,Tier 1,2480.03,2281.69
59,4329.36,Salaried,Tier 1,3087.16,3112.39
39,4152.96,Business,Tier 1,2865.03,2654.43
23,7452.0,Salaried,Tier 2,2911.81,3138.91
29,6495.53,Freelancer,Tier 1,3362.85,3474.95
32,3963.94,Salaried,Tier 1,2660.4,2519.19
54,5247.79,Business,Tier 1,3570.93,3433.12
59,6416.31,Salaried,Tier 1,4485.34,4500.26
48,3963.48,Salaried,Tier 1,2763.41,2887.96
41,2874.33,Freelancer,Tier 1,1904.17,1952.68
33,2304.71,Salaried,Tier 1,1443.63,1353.91
64,6908.4,Salaried,Tier 1,3888.15,4050.0
52,4713.41,Salaried,Tier 1,2845.58,2628.39
48,5436.99,Freelancer,Tier 3,3430.82,3647.82
53,4138.64,Salaried,Tier 2,2585.19,2531.21
31,3098.15,Salaried,Tier 2,1601.87,1650.79
24,3378.05,Student,Tier 3,2582.48,2502.27
48,2988.45,Salaried,Tier 1,2134.68,2206.87
56,6274.99,Salaried,Tier 1,3706.01,3994.48
52,7238.84,Freelancer,Tier 3,4876.39,4382.46
36,5055.87,Freelancer,Tier 2,2714.86,3003.92
37,2723.3,Student,Tier 3,1954.94,2055.58
34,5744.88,Salaried,Tier 3,3473.14,3473.29
56,6897.48,Salaried,Tier 1,4299.73,4059.2
32,6457.5,Business,Tier 3,4395.81,4673.2
42,4956.3,Business,Tier 3,3451.13,3553.62
32,4648.28,Freelancer,Tier 1,2384.11,2109.08
51,4944.25,Salaried,Tier 3,3111.29,2971.82
56,6837.87,Salaried,Tier 1,4216.11,4216.05
43,6140.55,Salaried,Tier 2,4627.03,4356.17
59,4421.36,Student,Tier 1,2149.67,2312.29
52,4383.63,Salaried,Tier 1,3297.79,3488.12
35,4277.46,Salaried,Tier 2,2370.39,2279.52
45,3403.05,Salaried,Tier 1,2155.79,1961.51
53,7027.76,Salaried,Tier 2,4754.32,4328.21
57,3818.26,Salaried,Tier 2,2508.55,2406.76
53,5735.41,Freelancer,Tier 1,3975.31,3834.69
36,4007.86,Salaried,Tier 1,2524.6,2713.1
64,4284.16,Salaried,Tier 2,2575.41,2534.6
56,4829.18,Salaried,Tier 3,3276.99,3177.39
24,5817.86,Business,Tier 2,3422.56,3229.46
37,4611.16,Student,Tier 2,2780.22,2969.95
26,3291.19,Freelancer,Tier 2,2010.29,1940.83
42,5028.62,Freelancer,Tier 1,3523.91,4047.61
31,3849.99,Salaried,Tier 2,2137.27,1995.93
40,7315.76,Freelancer,Tier 3,3971.67,3967.21
46,4610.08,Student,Tier 2,3460.55,3333.1
25,3998.05,Salaried,Tier 2,2810.03,2962.39
50,7962.2,Salaried,Tier 2,4364.83,4332.57
40,6108.33,Student,Tier 2,3514.67,3712.65
64,3654.84,Freelancer,Tier 2,1578.76,1810.71
23,3813.63,Salaried,Tier 2,2272.57,2465.99
31,5711.27,Student,Tier 2,3380.06,3583.15
64,5065.21,Salaried,Tier 1,3524.14,3355.18
46,6335.26,Salaried,Tier 2,4377.58,4316.62
41,4005.99,Freelancer,Tier 3,2299.61,1975.43
40,6051.66,Salaried,Tier 1,3207.7,3466.54
44,2000.0,Freelancer,Tier 3,1283.48,925.97
45,4768.34,Salaried,Tier 1,3062.71,2767.61
32,4074.23,Salaried,Tier 1,2339.82,2338.15
55,4317.43,Salaried,Tier 2,2367.08,2415.91
49,4845.69,Salaried,Tier 2,3069.5,2899.58
26,6707.76,Salaried,Tier 2,3825.9,3879.89
26,3268.94,Student,Tier 1,1840.16,1985.74
42,2000.0,Salaried,Tier 1,1126.26,1154.67
33,3442.92,Salaried,Tier 2,2165.43,2146.26
25,6533.65,Salaried,Tier 1,4804.87,4463.18
63,2532.51,Business,Tier 2,1399.15,1306.51
41,4142.08,Salaried,Tier 2,2626.51,2618.29
59,6259.37,Salaried,Tier 2,3224.86,3201.08
46,4912.36,Salaried,Tier 1,3072.28,3086.04
35,6693.06,Salaried,Tier 1,4590.44,4597.69
32,2000.0,Salaried,Tier 1,1154.07,1117.43
53,4517.59,Freelancer,Tier 1,2264.51,1918.88
32,7005.77,Student,Tier 2,4454.53,4198.14
39,3309.68,Salaried,Tier 3,2114.05,2263.02
48,6552.21,Business,Tier 1,5279.02,4956.37
39,4646.46,Student,Tier 1,2817.45,2770.05
44,5651.19,Student,Tier 1,2656.36,2502.69
32,6896.99,Student,Tier 3,3829.44,3920.16
42,5644.75,Business,Tier 1,2586.67,2575.1
26,4113.13,Salaried,Tier 3,2773.16,2703.45
44,5843.09,Salaried,Tier 1,3489.86,3472.5
62,4007.3,Salaried,Tier 1,2523.2,2483.45
46,5410.05,Business,Tier 1,2817.02,3017.12
62,3122.24,Salaried,Tier 2,2179.75,2015.95
31,5043.64,Salaried,Tier 2,2884.85,3054.01
43,6783.94,Salaried,Tier 2,3780.94,3898.4
40,4551.85,Business,Tier 1,2435.58,2361.7
22,6640.54,Freelancer,Tier 1,4473.28,4676.92
28,9640.14,Salaried,Tier 1,5512.24,5156.09
25,4956.58,Salaried,Tier 2,3128.42,3009.72
22,5921.29,Freelancer,Tier 1,2784.43,2917.46
36,5715.29,Salaried,Tier 2,3195.97,3290.44
61,5337.66,Salaried,Tier 1,3918.1,4267.92
33,6181.84,Salaried,Tier 1,3889.95,3962.65
43,4627.86,Student,Tier 2,3098.98,3319.82
43,4006.18,Salaried,Tier 1,2805.74,3032.99
38,2710.52,Salaried,Tier 2,1319.69,1310.84
50,4485.86,Freelancer,Tier 1,2251.66,2370.54
35,6352.15,Salaried,Tier 1,4158.6,3950.67
41,3590.3,Salaried,Tier 3,2455.34,2505.23
54,5370.02,Salaried,Tier 1,3338.2,3084.52
64,4815.34,Student,Tier 2,2962.96,3042.56
36,4068.92,Salaried,Tier 3,2519.63,2717.62
33,2220.44,Freelancer,Tier 1,1469.2,1993.1
61,7044.28,Student,Tier 3,4702.31,4842.62
41,5775.79,Business,Tier 1,3919.08,4184.33
51,8997.93,Freelancer,Tier 2,5002.57,5385.71
59,6619.12,Freelancer,Tier 2,4308.8,4438.09
24,7010.82,Student,Tier 3,3620.72,3635.97
49,2375.97,Student,Tier 2,1552.43,1430.41
47,2349.75,Student,Tier 2,1618.86,1597.63
51,5063.47,Freelancer,Tier 2,2690.18,2542.17
34,3277.83,Salaried,Tier 1,1980.75,1968.83
34,3978.07,Salaried,Tier 2,1872.5,1975.87
23,8789.4,Salaried,Tier 1,3734.18,3480.98
58,6784.81,Student,Tier 2,4275.91,4528.1
59,3596.52,Business,Tier 2,2391.04,2506.6
23,2000.0,Salaried,Tier 3,1112.81,1202.02
57,3470.09,Salaried,Tier 2,1728.84,1685.09
47,4164.21,Salaried,Tier 2,2400.45,2245.16
32,4518.1,Salaried,Tier 1,2732.79,2874.15
29,3081.43,Freelancer,Tier 1,2006.58,2587.28
61,6694.78,Salaried,Tier 2,3331.54,3473.13
64,3932.81,Salaried,Tier 2,2531.84,2783.38
43,5972.87,Salaried,Tier 2,3023.8,2839.07
41,5080.83,Salaried,Tier 2,3475.86,3414.03
29,6407.72,Student,Tier 1,4006.75,3760.49
50,4643.12,Salaried,Tier 2,2452.75,2629.65
61,3612.52,Student,Tier 1,2662.99,2405.73
47,4102.12,Salaried,Tier 1,3027.42,2806.55
51,4123.27,Salaried,Tier 1,2392.68,2272.02
38,8096.83,Freelancer,Tier 2,4711.03,5496.73
41,5114.76,Freelancer,Tier 2,3550.06,4244.25
37,5006.95,Salaried,Tier 1,3252.53,3180.08
64,6323.04,Salaried,Tier 2,4032.42,3757.17
28,4999.9,Salaried,Tier 1,3122.3,3010.9
37,6682.51,Freelancer,Tier 3,3985.26,4203.12
48,4441.88,Salaried,Tier 2,2834.96,2768.03
44,4289.54,Salaried,Tier 1,1850.59,1836.75
45,3529.59,Freelancer,Tier 3,1956.57,1550.13
30,7775.07,Salaried,Tier 1,3618.4,3917.2
56,4895.26,Salaried,Tier 2,2730.59,2594.12
41,3238.94,Salaried,Tier 2,1934.51,1914.39
58,5295.24,Student,Tier 1,3131.1,3012.32
63,4024.92,Salaried,Tier 2,2317.22,2301.55
38,4415.6,Student,Tier 1,2629.09,2732.39
52,5466.13,Salaried,Tier 3,2757.34,2747.44
29,7281.48,Freelancer,Tier 1,4070.05,4352.71
36,5152.38,Salaried,Tier 1,3399.36,3435.57
52,3933.44,Salaried,Tier 2,2818.76,2754.36
51,4242.63,Business,Tier 1,2353.4,2486.29
41,5984.67,Business,Tier 2,3727.81,3676.61
60,2062.49,Freelancer,Tier 3,1304.22,642.9
33,3435.98,Business,Tier 2,1671.04,1836.36
38,5318.97,Salaried,Tier 1,3145.02,3325.19
63,2440.0,Salaried,Tier 2,1301.93,1394.4
51,4531.22,Salaried,Tier 3,2735.74,2786.55
50,4282.6,Business,Tier 1,2724.86,2642.15
40,6316.17,Salaried,Tier 2,4223.94,4638.96
32,4624.58,Student,Tier 1,2330.64,2211.32
55,6780.04,Salaried,Tier 3,4594.76,4937.36
28,5118.31,Freelancer,Tier 2,2809.39,3744.65
55,7664.68,Salaried,Tier 3,4721.49,5021.35
41,2918.77,Salaried,Tier 3,1953.39,1802.62
59,7425.69,Freelancer,Tier 1,4291.99,5005.19
45,4383.31,Salaried,Tier 1,2824.8,2917.33
31,7210.92,Student,Tier 1,4366.96,4524.89
53,6777.85,Freelancer,Tier 1,3020.59,3060.68
36,2000.0,Salaried,Tier 2,949.87,948.07
58,5718.75,Business,Tier 2,2912.56,2776.93
41,6496.43,Freelancer,Tier 1,3792.93,3922.13
24,6992.89,Freelancer,Tier 2,3389.16,3201.12
58,3235.04,Salaried,Tier 2,1633.83,1690.95
61,5885.51,Salaried,Tier 1,3930.97,3917.56
29,5292.61,Freelancer,Tier 1,2942.97,2984.03
61,5647.11,Business,Tier 2,3160.19,2961.62
44,6498.4,Salaried,Tier 2,4269.26,3877.58
61,6735.06,Salaried,Tier 3,4751.02,4856.75
32,4016.39,Salaried,Tier 1,2173.87,2242.93
29,5398.13,Salaried,Tier 2,3559.67,3558.46
50,5061.7,Freelancer,Tier 2,2938.01,3299.05
51,4640.97,Freelancer,Tier 1,3150.74,3458.39
31,4784.34,Salaried,Tier 1,3451.33,3691.68
60,5293.98,Business,Tier 1,3110.91,2979.08
49,4097.03,Salaried,Tier 1,2898.06,2749.16
57,6324.56,Freelancer,Tier 1,3220.19,3240.27
34,6903.96,Salaried,Tier 2,4473.22,4053.2
53,3769.14,Salaried,Tier 2,2210.19,2387.29
57,6977.49,Business,Tier 2,4154.52,4569.3
58,3771.96,Salaried,Tier 1,2050.47,2180.27
47,6346.68,Salaried,Tier 2,2719.38,2671.85
43,6974.72,Salaried,Tier 2,4485.27,4354.24
25,4858.23,Salaried,Tier 3,2334.44,2462.68
52,3784.25,Salaried,Tier 3,2234.61,2239.05
39,4116.98,Salaried,Tier 2,2561.89,2787.05
59,5542.79,Student,Tier 2,3021.13,2887.95
45,7946.98,Freelancer,Tier 1,4258.07,4155.67
44,2460.9,Salaried,Tier 1,1314.17,1445.28
43,5150.36,Freelancer,Tier 3,3799.95,3716.09
23,4867.89,Salaried,Tier 2,2624.14,2826.3
52,4315.22,Salaried,Tier 2,2545.52,2496.96
32,4878.83,Salaried,Tier 3,3284.83,3506.63
49,4186.7,Salaried,Tier 2,2170.94,2076.89
53,6864.73,Business,Tier 1,3174.84,3019.12
26,7013.74,Salaried,Tier 1,3404.93,3436.56
59,5132.2,Business,Tier 1,2929.57,3140.65
31,4788.28,Salaried,Tier 2,2837.99,2609.51
61,4260.44,Salaried,Tier 2,2571.08,2604.66
45,5135.42,Freelancer,Tier 3,2888.73,3212.42
56,7771.75,Salaried,Tier 2,4529.99,4602.29
44,4844.4,Salaried,Tier 1,2541.73,2398.63
38,3740.85,Salaried,Tier 1,2502.09,2283.97
22,4403.36,Salaried,Tier 2,2491.1,2687.89
52,6130.2,Student,Tier 3,3532.09,3584.73
52,3923.39,Salaried,Tier 1,2715.85,2861.37
63,4949.44,Salaried,Tier 3,2447.51,2381.15
63,5709.32,Business,Tier 1,4236.52,3848.88
55,4037.21,Salaried,Tier 1,2296.89,2186.44
30,2353.39,Salaried,Tier 3,1655.15,1513.92
43,3392.92,Salaried,Tier 1,1431.42,1310.68
34,3711.85,Salaried,Tier 2,2803.02,2642.95
46,4656.76,Salaried,Tier 1,2465.4,2531.26
39,5066.45,Salaried,Tier 3,2558.61,2721.22
33,6235.55,Business,Tier 3,4302.89,4579.45
61,3159.12,Salaried,Tier 3,2109.14,2293.8
38,6017.43,Salaried,Tier 1,3555.74,3666.95
36,4443.61,Salaried,Tier 1,2473.2,2235.7
63,2321.68,Salaried,Tier 2,1083.3,1056.74
36,5020.36,Student,Tier 1,3397.65,3133.62
36,6974.4,Salaried,Tier 2,4198.0,4430.96
60,6324.67,Salaried,Tier 2,3071.45,2837.83
34,4885.59,Salaried,Tier 1,2241.06,2064.43
38,6688.66,Salaried,Tier 2,3734.96,3382.54
53,5288.33,Freelancer,Tier 3,3717.46,3875.49
30,6471.78,Salaried,Tier 3,3502.23,3702.35
61,2507.6,Salaried,Tier 1,1654.62,1599.46
41,3125.49,Salaried,Tier 1,1874.14,1827.82
47,6093.55,Salaried,Tier 1,3309.93,3018.27
48,7308.92,Salaried,Tier 1,5358.35,4991.75
42,5625.94,Salaried,Tier 1,2735.4,2632.25
39,4253.99,Student,Tier 3,2636.21,2577.09
34,3724.23,Salaried,Tier 1,2822.25,2889.97
37,4527.03,Student,Tier 1,3020.84,2930.42
30,6820.46,Salaried,Tier 1,4825.74,5264.49
33,4486.21,Freelancer,Tier 1,2355.02,2469.64
59,6571.64,Salaried,Tier 1,4535.65,4936.24
40,5978.86,Freelancer,Tier 2,3396.01,3705.14
28,7570.89,Salaried,Tier 2,5020.4,5421.93
56,5300.39,Salaried,Tier 1,2896.66,3014.35
39,4925.61,Freelancer,Tier 1,1965.66,1976.33
37,6646.51,Salaried,Tier 2,2992.92,2998.35
60,3597.11,Salaried,Tier 1,2019.84,1935.54
25,4333.97,Salaried,Tier 1,2635.89,2529.49
46,2479.99,Salaried,Tier 3,1466.37,1385.19
53,3118.51,Salaried,Tier 2,2127.73,2079.02
61,7885.06,Salaried,Tier 2,2828.57,2617.55
34,6038.47,Salaried,Tier 3,3320.02,3245.39
38,2943.95,Salaried,Tier 2,1867.76,1992.43
58,6792.24,Salaried,Tier 3,2842.84,3053.38
27,3944.45,Salaried,Tier 3,2147.07,2208.4
40,5961.43,Salaried,Tier 1,2618.24,2490.9
34,5939.02,Student,Tier 3,4087.84,3875.55
47,7497.49,Salaried,Tier 1,5522.33,5277.06
35,4193.41,Student,Tier 1,2510.75,2510.77
52,3889.66,Freelancer,Tier 3,2590.5,2663.12
25,2000.0,Student,Tier 3,1298.94,1197.41
60,4817.34,Business,Tier 2,3289.49,3289.83
29,6087.99,Freelancer,Tier 1,3135.01,3230.99
46,6292.96,Salaried,Tier 2,4143.64,3932.86
34,6878.6,Salaried,Tier 2,4528.39,4953.26
53,5434.71,Salaried,Tier 1,3040.24,2948.44
59,5757.17,Student,Tier 3,3728.1,4050.47
59,5102.18,Student,Tier 1,2610.67,2661.5
49,6061.18,Freelancer,Tier 1,3169.88,3202.84
51,3598.64,Business,Tier 1,2274.6,2188.67
24,2887.3,Student,Tier 1,1134.37,1025.82
49,3756.89,Salaried,Tier 2,2422.55,2365.12
24,5320.44,Freelancer,Tier 1,3185.85,3598.9
55,3049.36,Salaried,Tier 2,2010.86,2123.07
37,4050.13,Salaried,Tier 1,2663.67,2727.67
43,4098.06,Salaried,Tier 2,2682.3,2702.98
53,6172.73,Salaried,Tier 2,4498.65,4384.01
59,5990.14,Freelancer,Tier 1,3592.43,3811.67
29,5105.73,Salaried,Tier 2,2432.0,2219.22
29,5676.6,Business,Tier 2,2660.38,2495.52
27,5706.19,Salaried,Tier 2,3557.85,3452.2
35,4454.57,Salaried,Tier 2,2542.76,2552.93
53,4186.25,Business,Tier 3,2817.05,2650.51
56,7305.03,Freelancer,Tier 3,4632.52,4770.29
31,2000.0,Salaried,Tier 1,1139.94,1043.47
24,3888.04,Salaried,Tier 2,2384.69,2191.43
33,4694.33,Salaried,Tier 1,3284.3,3404.24
52,5839.93,Student,Tier 1,4756.89,4999.55
50,6703.26,Freelancer,Tier 1,4321.09,5301.27
26,7785.1,Salaried,Tier 3,4726.2,4754.97
46,4862.43,Salaried,Tier 2,2886.95,2694.06
62,4962.9,Business,Tier 1,2391.81,2601.3
52,5543.92,Freelancer,Tier 1,3569.27,3659.19
42,4203.32,Business,Tier 3,2428.22,2633.9
41,3223.64,Salaried,Tier 1,1740.02,1869.36
60,4855.62,Business,Tier 1,2649.5,2425.66
43,6118.06,Freelancer,Tier 3,3736.84,4343.59
25,4635.61,Freelancer,Tier 2,2553.12,2360.48
34,5620.15,Salaried,Tier 1,3734.61,3773.69
63,2196.77,Business,Tier 2,1269.09,1338.28
41,5027.61,Freelancer,Tier 3,3300.02,3469.3
34,4394.83,Business,Tier 3,1991.21,1906.81
38,3087.31,Salaried,Tier 1,2057.69,2093.7
57,5985.82,Salaried,Tier 1,4110.71,4430.83
54,7768.47,Salaried,Tier 1,5796.98,5792.79
22,6484.94,Salaried,Tier 2,3795.95,3864.39
36,6580.62,Salaried,Tier 2,3933.04,3957.79
34,6068.72,Salaried,Tier 1,3547.33,3392.96
38,5969.68,Salaried,Tier 2,3441.26,3540.13
45,2300.85,Business,Tier 2,1358.48,1361.05
29,4808.07,Salaried,Tier 2,3335.57,3157.14
48,5763.0,Salaried,Tier 3,3470.04,3744.44
44,5797.11,Business,Tier 2,4143.07,4515.98
29,6907.56,Salaried,Tier 1,4207.84,3833.66
29,3451.4,Salaried,Tier 2,2293.81,2349.94
47,5910.91,Salaried,Tier 3,3609.67,3548.34
34,3402.44,Salaried,Tier 1,2394.48,2406.91
60,4682.45,Salaried,Tier 3,3073.03,2995.48
58,4907.06,Salaried,Tier 1,2311.26,2299.41
49,6293.86,Student,Tier 1,3421.1,3300.29
46,6117.43,Salaried,Tier 1,3240.54,2992.71
37,5180.5,Salaried,Tier 3,2834.36,2722.13
23,2000.0,Freelancer,Tier 2,1079.26,1114.37
39,5667.25,Salaried,Tier 1,3937.38,3583.32
38,4598.49,Salaried,Tier 3,2665.93,2603.4
51,7087.71,Business,Tier 2,3159.74,2870.5
60,6730.24,Salaried,Tier 3,3945.24,3831.82
34,3592.97,Student,Tier 1,2708.94,2485.51
53,5873.26,Salaried,Tier 1,3579.35,3464.56
50,5902.87,Freelancer,Tier 2,4246.08,4744.92
51,5793.78,Salaried,Tier 2,3362.31,3438.57
39,5599.37,Salaried,Tier 2,2982.56,3091.3
34,5945.23,Freelancer,Tier 2,3545.77,4006.15
64,7252.23,Student,Tier 2,4277.34,4638.68
42,4172.93,Freelancer,Tier 1,2196.58,2213.79
51,3641.29,Freelancer,Tier 2,2231.28,1823.28
42,6174.07,Student,Tier 1,3402.7,3697.44
38,2174.96,Salaried,Tier 1,1330.09,1232.48
61,5981.04,Salaried,Tier 1,3149.04,3463.42
40,5715.41,Salaried,Tier 2,2716.15,2681.05
36,2000.0,Freelancer,Tier 3,1373.99,1619.81
30,4045.5,Business,Tier 1,2776.24,2978.41
31,7363.96,Freelancer,Tier 1,4392.44,4467.36
52,2814.24,Student,Tier 1,1691.97,1581.8
44,5318.89,Freelancer,Tier 3,2305.52,2246.08
51,3492.64,Salaried,Tier 2,2253.85,2333.27
54,3936.58,Salaried,Tier 3,2436.54,2251.92
30,7874.48,Student,Tier 3,5278.81,5408.27
22,5185.17,Salaried,Tier 1,3326.61,3513.16
56,5775.43,Salaried,Tier 1,3368.55,3114.9
32,4831.3,Salaried,Tier 2,2148.45,2211.86
55,2727.3,Salaried,Tier 1,1607.22,1754.72
37,3222.62,Freelancer,Tier 1,1453.46,1107.54
30,6767.65,Salaried,Tier 1,4327.43,4034.6
53,5229.34,Student,Tier 2,2868.87,3017.88
36,3844.57,Salaried,Tier 2,1996.13,2134.51
33,4966.92,Freelancer,Tier 1,3505.76,4229.9
54,5992.4,Freelancer,Tier 2,2703.51,1973.93
35,5681.73,Freelancer,Tier 1,3543.15,2904.28
29,3845.32,Student,Tier 2,2358.88,2145.57
29,2637.05,Salaried,Tier 2,1358.78,1331.46
48,4389.43,Salaried,Tier 1,1851.29,1712.06
33,6663.57,Salaried,Tier 2,4056.61,4288.86
22,6281.57,Business,Tier 2,3969.83,3686.36
64,5615.6,Student,Tier 1,3327.45,3539.68
61,4743.68,Salaried,Tier 1,3364.93,3100.85
63,4224.88,Freelancer,Tier 3,2922.89,2850.93
32,4771.51,Salaried,Tier 1,3050.35,2979.97
60,6172.66,Salaried,Tier 2,4208.42,4293.88
64,6515.29,Freelancer,Tier 3,4184.56,4106.21
52,4607.32,Salaried,Tier 1,2207.66,2251.21
38,8804.35,Salaried,Tier 1,5787.82,5210.15
54,5138.61,Freelancer,Tier 3,2927.98,2409.06
53,4479.57,Freelancer,Tier 1,3109.54,3077.77
50,7213.5,Salaried,Tier 2,3261.63,3085.29
42,2000.0,Freelancer,Tier 2,1302.17,1518.76
42,5720.05,Salaried,Tier 2,3471.07,3275.09
61,4890.8,Salaried,Tier 3,3373.92,3562.77
44,7172.28,Freelancer,Tier 3,4633.87,5033.26
27,5907.39,Salaried,Tier 2,4334.22,4065.56
43,5208.65,Salaried,Tier 3,2308.35,2084.89
59,5993.95,Salaried,Tier 3,3898.87,3787.83
58,3416.63,Business,Tier 3,2305.96,2240.23
29,6450.23,Salaried,Tier 2,3964.81,4151.25
62,2983.12,Salaried,Tier 1,1622.49,1758.6
56,5537.75,Salaried,Tier 2,2908.0,2833.57
32,5053.42,Salaried,Tier 1,2160.05,2241.33
45,2355.42,Salaried,Tier 1,1417.25,1455.49
42,5103.41,Salaried,Tier 1,2908.73,2863.4
23,5422.98,Business,Tier 3,3999.66,3652.4
61,4017.69,Freelancer,Tier 1,2194.24,2575.31
40,3481.37,Freelancer,Tier 2,1603.54,1228.17
60,5738.27,Salaried,Tier 2,3728.34,3765.77
49,5543.47,Salaried,Tier 1,2665.12,2465.45
38,5340.23,Salaried,Tier 2,2756.49,2880.11
27,5013.26,Salaried,Tier 2,2751.21,2909.54
40,4150.16,Salaried,Tier 3,2679.69,2619.91
59,8408.27,Freelancer,Tier 1,5323.91,5045.57
49,4552.5,Salaried,Tier 1,2519.39,2581.66
23,3702.33,Salaried,Tier 2,2471.43,2696.74
59,5081.64,Salaried,Tier 1,2361.68,2456.39
58,4728.59,Salaried,Tier 1,2290.85,2118.34
25,4517.73,Student,Tier 1,2585.97,2532.82
43,7811.41,Salaried,Tier 2,4504.78,4879.01
47,3305.38,Business,Tier 1,2277.61,2338.84
64,5056.16,Salaried,Tier 2,2028.56,1885.41
57,3405.99,Business,Tier 3,2003.24,2093.23
34,4188.46,Salaried,Tier 2,2441.52,2369.99
53,7604.17,Student,Tier 1,6305.12,6291.93
38,5422.17,Salaried,Tier 2,2815.08,2767.25
62,5404.06,Salaried,Tier 1,2747.24,2871.25
57,3590.78,Salaried,Tier 1,2458.97,2320.24
40,4363.07,Salaried,Tier 1,2408.98,2355.2
56,7734.68,Salaried,Tier 1,5114.3,5364.43
61,5749.04,Freelancer,Tier 2,3573.72,3624.62
49,4490.43,Salaried,Tier 3,3400.06,3197.24
22,5660.91,Salaried,Tier 3,3524.2,3418.94
63,5401.5,Freelancer,Tier 1,3671.98,3278.0
39,3740.84,Salaried,Tier 2,2717.3,2733.69
61,4446.79,Salaried,Tier 1,3227.6,3086.2
54,8381.8,Student,Tier 2,4941.12,4458.73
33,5588.0,Student,Tier 1,3845.55,3787.64
29,2646.44,Business,Tier 3,1686.83,1830.84
45,5765.32,Business,Tier 3,3115.3,3379.1
37,6954.63,Salaried,Tier 1,2809.73,2737.86
25,3643.43,Student,Tier 2,2068.83,2047.8
59,4314.74,Salaried,Tier 2,2402.35,2278.72
48,7180.66,Salaried,Tier 2,4886.15,4464.28
30,5052.37,Business,Tier 2,3226.55,3351.69
37,4785.68,Salaried,Tier 2,3097.94,3283.85
33,2995.91,Salaried,Tier 3,1977.37,2127.69
52,6605.85,Salaried,Tier 2,4973.59,5406.58
45,4717.3,Salaried,Tier 2,2606.61,2823.46
35,2000.0,Salaried,Tier 3,1291.92,1169.8
46,2641.04,Salaried,Tier 3,1319.52,1445.69
55,4157.63,Salaried,Tier 1,2689.7,2624.88
24,3390.74,Salaried,Tier 1,2270.31,2445.63
45,3626.06,Salaried,Tier 2,2831.77,2798.22
63,8517.0,Salaried,Tier 3,6007.12,5913.64
30,6061.28,Student,Tier 1,2848.17,2569.73
47,2000.0,Salaried,Tier 2,954.82,869.36
41,4528.52,Business,Tier 1,2420.1,2503.01
61,4865.76,Salaried,Tier 2,2542.53,2765.08
31,2784.6,Salaried,Tier 3,1497.05,1414.53
40,5801.58,Salaried,Tier 2,3933.04,3613.61
24,2000.0,Salaried,Tier 2,1269.91,1197.24
45,6645.42,Salaried,Tier 3,4869.6,4589.42
26,7162.29,Salaried,Tier 1,3822.44,3664.3
24,8528.88,Salaried,Tier 3,4495.88,4131.48
48,2638.51,Salaried,Tier 1,1901.95,1801.35
37,2943.65,Freelancer,Tier 2,1784.31,1986.18
36,6039.01,Student,Tier 2,2917.16,3144.82
56,6774.02,Salaried,Tier 2,4630.8,4460.67
33,6213.43,Freelancer,Tier 3,3455.22,3762.78
62,6619.58,Freelancer,Tier 3,4445.64,4389.89
47,7065.24,Salaried,Tier 3,4210.39,4397.19
55,5303.38,Business,Tier 1,3962.51,4076.64
44,4681.18,Student,Tier 1,2463.87,2249.29
52,2947.73,Salaried,Tier 2,2042.19,1977.78
41,4552.84,Freelancer,Tier 3,2602.99,3460.14
33,4782.67,Freelancer,Tier 2,2848.15,2760.73
44,3575.47,Salaried,Tier 3,2081.05,1945.74
25,4942.66,Salaried,Tier 3,2950.05,3227.91
44,3406.43,Student,Tier 2,2136.56,1939.91
22,6670.0,Freelancer,Tier 3,3856.41,3614.11
46,5638.74,Salaried,Tier 3,3149.46,3412.98
23,4310.59,Salaried,Tier 3,2882.41,3138.18
51,5283.26,Student,Tier 2,2536.43,2779.59
24,3342.37,Salaried,Tier 3,1736.71,1730.23
42,3494.46,Freelancer,Tier 1,2488.91,2293.95
46,4049.22,Salaried,Tier 2,3018.0,3182.6
41,4712.11,Salaried,Tier 1,3567.08,3716.17
43,5211.8,Salaried,Tier 1,3133.04,3182.93
42,5217.73,Salaried,Tier 3,3137.77,3381.41
54,3021.83,Salaried,Tier 2,2187.42,2367.48
59,4878.91,Salaried,Tier 1,3225.26,3343.46
36,3772.92,Freelancer,Tier 1,2497.51,2234.96
36,2000.0,Salaried,Tier 3,1231.86,1132.21
46,9613.38,Freelancer,Tier 3,5578.73,5402.46
42,3802.02,Salaried,Tier 1,2170.05,2080.08
45,3885.27,Salaried,Tier 3,2136.74,1979.9
26,2980.35,Salaried,Tier 1,1683.5,1720.94
27,3413.76,Salaried,Tier 2,1889.92,1959.29
64,4716.99,Student,Tier 2,2361.8,2455.31
44,7027.72,Freelancer,Tier 3,5016.27,5029.74
25,4708.48,Salaried,Tier 3,3170.12,3047.02
48,4514.66,Freelancer,Tier 1,1800.91,2010.7
39,6800.41,Salaried,Tier 2,4474.38,4565.06
